Twit,Tag,Num,Nombre
Esta lloviendo,1,,
quiero ir al centro a la maÃ±ana pero seguro llueve jajajajaja,0,41082,
"@paloma_CAI7 Si, llueve y mucho !! ğŸ˜’",1,86721,
@rozalazar9 Si llueve les hago ğŸ¤—,0,107171,
Hasta cuÃ¡ndo le voy a seguir teniendo miedo a las tormentas? ğŸ™„ğŸ˜£,0,57648,
"13h ClimaRafaela: Temp. 20.9 Â°C, Hum. 48 %, Bar. 1010.1 mbar, Lluvia 0.2 mm, Viento 10.4 km/h SSO #Weathercloud",0,59046,
"@Eze2450 Sea la estaciÃ³n que sea , no hay plata! Y ahora llueve.. que te cambia? Jajaja tenÃ©s que estudiar igual",1,67700,
Llueve y no tengo Internet...me espera tremenda tarde,1,68738,
Que linda noche de lluvia ğŸ’–,1,41774,
"MiÃ©rcoles de mucho calor, previo a las lluvias https://t.co/eFZV0fhc58",1,42346,
Me gusta cuando llueve porque parece que se estan fritando empanadas #PuesGorda ğŸ˜‚,0,17694,
Noviembre sin ti es sentir que la lluvia me dice llorando que todo acabÃ³ ğŸµ,0,23489,
"17h Agvnet CDU: Temp. 32.4 Â°C, Hum. 33 %, Bar. 997.3 hPa, Lluvia 0 mm, Viento 11.2 km/h SE #Weathercloud",0,89298,
Con esta lluvia me dieron ganas de cucharear ! ğŸ˜,1,34084,
Y se largo la lluvia â˜”ğŸ’•,1,18916,
Que hermosa tormenta,1,95969,
@joaquinv17 dan lluvia jajaja,0,105577,
Aseguran que hay stock suficiente de bengalas para combatir tormentas https://t.co/87eM3CTQSO,0,108440,
"AprobÃ© un final con 8, tomÃ© cervezas con amigos, estuve con mi novio, comi milanesa a la napolitana, me baÃ±Ã© con agua hirviendo y estoy por dormirme en sÃ¡banas limpias con la lluvia de fondo y mi gato al lado. Me siento mÃ¡s que realizada.",1,56816,
Llueve pq Sebastian se levanto simpÃ¡ticoğŸ˜‚ğŸ˜‚,1,784,
@valenzampani Horrible todo. Por eso llueve asÃ­,0,28569,
MÃ­ padre dice que ahora se van a tener que poner a jugar. Yo mientras miro si se forma tormenta o no ğŸ˜•,0,66936,
"buena, que le pasaba al clima jajaja de donde salio esta lluvia?",1,56037,
"Que onda?? Llueve, sale el sol, llueve, sale el sol. El tiempo estÃ¡ mas loco que yo.",0,19261,
Lo hermoso que son los dÃ­as de lluvia,0,48705,
Que vergÃ¼enza ver a otros humanos en bicicleta buscando refugio en plena tormenta... Que poca alma bicicletera,1,45177,
Mi plan es dormirme escuchando los temas de fasciolo con el ruido de la lluvia de fondo y haciendo cucharita con mi gata,0,22643,
"23h Agvnet CDU: Temp. 20.7 Â°C, Hum. 94 %, Bar. 1010.6 hPa, Lluvia 0 mm, Viento 3.6 km/h NE #Weathercloud",0,89315,
Como me hace mambear esta lluvia,1,74062,
EstarÃ­a para q venga una re tormenta y q dure hasta maÃ±ana jajajajaja,0,108083,
"#VillaMaria 17:00 hs | Temp 32.4Â°C Min=21.0Â°C (05:16) Max=32.4Â°C (16:34) | Hum.40 | Viento 11.2 km/h ENE, Pres.986.2 hpa Lluvia   0.0 mm",0,69607,
@alberto_rsaa Sin dudas usted gobernador querido es el mejor Piloto de tormentas !!!,0,58699,
En santa fe llueve?,1,109383,
Adivinen quien se mojÃ³?? Gracias tormenta,1,45202,
Me ha gustado un vÃ­deo de @YouTube (https://t.co/y2adZVgXvD - **TEMPORADA 7** SE ACERCA UNA TORMENTA!!? FORTNITE: Battle Royale).,0,49227,
"reciÃ©n me despierto de la siesta ...con esta lluvia quien no duerme , igual hubiera estado mÃ¡s piola si dormÃ­amos la siesta juntos ahre",1,28392,
Sos hermosağŸ˜ â€” Abran los paraguas para la lluvia de datos https://t.co/VYXFOWRooI,0,44043,
Netflix + lluvia = perfeccion,1,53927,
"@LuchoCabj101 Ay si boludo,que tormenta horrible",1,101828,
me cansÃ³ la lluvia,0,53329,
OjalÃ¡ me pusiera mimosa... la lluvia me pone mÃ¡s gorda de lo que soy https://t.co/0EEk04CLD3,1,33924,
Que hermosa lluviağŸ’•,1,63079,
"Vieron que en CÃ³rdoba hay gente estudiando las tormentas. Bueno, creo que con esta hacÃ­an la tesis",0,25043,
"El tiempo #en Santa Fe:
Barrio Constituyentes
T: 25.3Â°C
H: 21%
ST: 25.3Â°C
P: 1016.1hPa
Lluvia hoy: 0.0mm.",0,38539,
"No se , pero yo amo dormir con lluvia man",0,73126,
"13h Agvnet CDU: Temp. 22.7 Â°C, Hum. 44 %, Bar. 1014.4 hPa, Lluvia 0 mm, Viento 7.2 km/h NE #Weathercloud",0,18300,
"Que la lluvia pase de largo, quiero salir manga de forros",1,2449,
Se levantÃ³ tormenta de un rato a otro,1,101085,
Salir al patio y escuchar los truenos en Dolby Surround 7.1 jajaja,1,93903,
Lea en EstaciÃ³nPlus:Anuncian hasta 40Â° y mÃ¡s de 100 mm de lluvias en Entre RÃ­os este fin de aÃ±o: Advierten por fenÃ³menos meteorolÃ³gicos de alto impacto en los prÃ³ximos dÃ­as. El 2019 empezarÃ¡ lluvioso. MirÃ¡ el informe especial para la provincia y la regiÃ³n https://t.co/u0PNOEPbIX https://t.co/kiRKECaYmS,0,104888,
Encima q lindo andar bajo la lluvia ğŸ˜ğŸ˜ğŸ˜ğŸ˜ q feo el calor del departamento ğŸ˜­ğŸ˜­ğŸ˜­ğŸ˜­,0,3311,
"Datos actuales en #SantaFe
Barrio Candioti Norte:
T: 20.9Â°C
H: 79%
ST: 20.9Â°C
P: 1008.1hpa
Lluvia hoy: 9.0mm",0,98874,
Uno de los placeres de la vida... Dormir mientras llueveğŸ’,1,57153,
Hay que dormir nomas dice la lluvia,1,53134,
"@Fernandofr333 @Apuntes_ El video es otro tema, porque depende de la complejidad que quiera darle al archivo. Si son sÃ³lo fotos o si son videos.

MaÃ±ana paso data porque estoy bajo tormenta de LPM y se corta la luz q cada rato... https://t.co/J6ti4cHrRV",0,78139,
"@camilasanchezn Es el uno , cuando wos , cacha , trueno, etc. Estaban en el quinto el y Dtoke ya estaban en la red bulls Inter. Una bestia jaja",0,42242,
Que ganas de hacer cucharita con mi wacho con esta lluvia,1,8498,
"Ya sabemos que llueve, manga de forros",1,65075,
re xxl la lluvia,1,87802,
"Venia del gym en plena tormenta re relajada, me cruza un hombre y me dice ""corre que se vienen las piedras"" cai en que podÃ­a ser posible y empecÃ© a correr jajajajajaja",0,92671,
Por fin lluvia hdp,1,104979,
tengo ganas de salir a bicicletear pero viendo sus fotos y vÃ­deos de piedras y lluvia me dio miedo. Es su culpa jeje ahre,0,82308,
"Dormi lindo che, te extraÃ±aba lluvia!!",0,68561,
El miedo que le agarre a las tormentas de noche ğŸ˜“,0,90869,
Vete de aquÃ­ tormenta.,1,55054,
Y llegÃ³ la tan ansiada lluvia ğŸ˜€,1,100512,
Alguien estÃ¡ escuchando esos truenos?,1,1413,
Se ve que la tormenta fue copada porque Tiro el Ã¡rbol locoooooo,0,70632,
"a una hora de ir a trabajar, y llueve como locos en camilo aldao!",1,16815,
Mi viejo que cae un rayo y corta la luz,0,28975,
"Haganse el favor de salir a mirar el cielo, que belleza.
Casi no se ve la lluvia de estrellas, pero igual el cielo esta lleno",0,72240,
Los dÃ­as de lluviağŸ˜,0,51043,
Anoche me despertÃ© por un rayo y lo primero que pensÃ© fue OIGAN MUCHACHO ESCUCHARON EL RELAMPAGO??? Tengo la mente matada ya,0,109617,
Se larga la lluvia. Fijar este tuit https://t.co/beFY90qKxK,0,92684,
"No sÃ© a mi la lluvia no me motiva para nada a estudiar, solo quiero dormir",1,86344,
"Estamos en una Ã©poca en que nos chupa un huevo el otro, donde sÃ³lo nos importa cagarnos en el esfuerzo que hacen, en su persona y NOS CHUPA UN HUEVO cÃ³mo se sienta, si total, yo estoy bien, el resto... que lo parta un rayo",0,57855,
"si llueve ya saben porque es, estoy yendo al colegio",0,57913,
DATO DE LLUVIA CAÃDA EN GUALEGUAY  53,0,70412,
@Flawless_swan Sh deja la lluvia tranquila para los que vamos a dormir siesta ğŸ˜,1,93625,
Ta para desmayarse con esta lluvia,1,43590,
Amo ver cÃ³mo estÃ¡n las canchas con la lluvia para mi es admirable ver cÃ³mo con tanta lluvia algunos campos estÃ¡n impecables,0,7722,
como no te cae un rayo en la cabeza la reconcha de tu madre https://t.co/XxZHS9BqZ1,0,32423,
"ğŸŒ§ La imagen satelital de esta maÃ±ana del @SMN_Argentina muestra un gran frente de tormenta que abarca el sur de Santa Fe, la provincia de Entre Rios y el noreste de la provincia de Buenos Aires.

â˜€ Clima despejado para el resto de las zonas productoras.

Â» (1/2) https://t.co/LhujSXJgdE",0,64804,
"Ya veo que se va a largar a llover o cuando salga de mi casa o cuando este volviendo, porque la lluvia me odiağŸ¤¦ğŸ¼",0,79060,
"14h Agvnet CDU: Temp. 23.9 Â°C, Hum. 45 %, Bar. 1012.7 hPa, Lluvia 0 mm, Viento 14.8 km/h N #Weathercloud",0,18305,
Que ganas de estar con mi vida viendo peliculas mientras escuchando como llueve,0,106362,
Ay esta lluvia que no quiere parar che ğŸ™‰,1,66411,
Ke lluvia re culiadaw,0,53354,
"Un hermoso dÃ­a el de hoy! 
Ay! QuÃ© bello dÃ­a es hoy! 
estÃ¡ para desatar nuestra tormenta 
que va a tronar por el dolor.",0,13720,
Maldigo las veredas hechas mierdas en momentos de lluvia ğŸ˜ ğŸ˜‘,0,29890,
@danielamachuca es que ESTAMOS BRASIL. Llueve con el calor a 30 grados y el SOL mirÃ¡ndote asÃ­ ğŸŒ,0,93442,
Para que anduve en la klx ahora tengo ganas de prenderla fuego a la tornado,0,60441,
@GabyObelar1 @LaCabalaRadio Seguro?  Tormenta elÃ©ctrica...,0,27270,
Lluvia y la re calcada concha de tu madre ğŸ˜¤ğŸ˜­,1,8280,
Pedido solidario para afectados por las lluvias https://t.co/D0skY9PhQl,0,30109,
@AyeRiveroo Es porque en un rato llega la tormenta de facha a ParanÃ¡ !,0,72202,
Quiero escuchar la tormenta abrazada a vos,0,37134,
Domingo de lluvia y bajÃ³n. Por mÃ­ que arranque el lunes en media hora. Ya fue todo.,1,1631,
"Si la lluvia llega hasta aquÃ­, voy a limitarme a vivir",0,10170,
"Tremenda tormenta de la madrugada y ahora un sol que parte la tierra, esto es San Luis",0,16475,
"TendrÃ­a que estar yendo a buscar la ropa de mi primo,pero estoy caminando bajo la lluvia..",1,79146,
Trueno v2.0. 2fast2furious. https://t.co/FpS7klRbZo,0,19231,
Si se puede jugar! Hubo ya una final con lluvia en esa cancha! Por las dudas les recuerdo quien fue el campeÃ³n.. #FinalCopaLibertadores #BocavsRiver #CONMEBOLLibertadores @CANOBoficial #EstudioFutbol @TyCSports #LAMEJORFINALenSC https://t.co/ykThUhG0Tl,0,8666,
"Si llueve ahora por lo menos espero que maÃ±ana este nublado, no aguanto el calorğŸ˜’",0,87129,
@J1M1NCUTE @clau4805 @BTS_twt FrioğŸ˜Š lluviağŸ’– azulğŸ˜± celularğŸ¤— solterasğŸ˜‚ @BTS_twt #MTVEMABiggestFansBTS,0,17573,
"AerolÃ­neas-La lluvia.(SegÃºn San Idiota) 
Confirmado : Jacques Cousteau era de La CÃ¡mpora.",0,23371,
"Queria ir a la pileta, llueve. Empece a ver una serie, se corta la luz",0,109218,
@FraancoMiletich Jajajajajajaja es que Ãºltimamente la lluvia ni tiempo a nada se larga con todo nomas,0,92793,
Quiero alguien para pasar los dÃ­as de lluvia,0,40350,
Chica la tormenta,0,72655,
"LLUVIA DE MI VIDA TE AMO CON TODO MI CORAZÃ“N, GRACIAS MUNDO",1,77965,
Que linda lluviağŸ˜,1,107314,
@LautiMarchese Jajaja encima llueve a balde!,0,51882,
Lo Ãºnico que voy a ver a las 2 de la maÃ±ana es la tormenta que se estÃ¡ viniendo,0,76107,
"De nuevo estÃ¡ lloviendo, siempre arruinando mis planes la lluvia de mierda",1,93092,
Rayos ğŸ˜”,0,47959,
"En la vida real le tengo miedo a los truenos. 
AsÃ­ estoy . https://t.co/eCs5wgupHv",0,14882,
"Le puli los rayos y todo, bastante la turra",0,105845,
dormir con lluviaâ™¥ que maravilla,1,17103,
Llueve por quÃ© gano Belgrano ?ğŸ¤”,1,18907,
Como loco si llueve,1,14225,
Llueve!! BARADEL en el Tigre en la asamblea de suteba. Espero q tenga q salir haciendo perrito por el rÃ­o!!!! Y encima se va a tener q baÃ±ar!!!!ğŸ¤£ğŸ¤£ğŸ¤£,0,46006,
"Encima cuando quiero que llueva en temporada de escuela no llueve, alta leche la mÃ­ağŸ˜‚ğŸ’”",0,80831,
"Las intensas lluvias generaron una creciente de casi siete metros en el rÃ­o San Antonio

El agua ingresa con mucha fuerza en el cauce de los rÃ­os serranos, luego de varios dÃ­as de lluvia que afectan a la regiÃ³n. Se recomienda acatar las Ã³rdenes de Defensa Civil, no intentar â€¦ https://t.co/HF7XhF8atm",0,38454,
@LuddVeron Que hermoso es dormir bajo la lluvia ahre se re enfermaba,0,31676,
"20h ClimaRafaela: Temp. 19.4 Â°C, Hum. 95 %, Bar. 999.2 mbar, Lluvia 35.9 mm, Viento 10.8 km/h SO #Weathercloud",0,46241,
los truenos me estan dando alto miedo caen re cercaaaa,1,75946,
"Quien necesita un chongo con este clima, si lo tengo a mi gato que le tiene miedo a la tormenta, entonces se me acuesta encima ğŸ’•",0,14168,
"@marinavibu609g @MolaschiClara @Cristin97215062 @SuttoraM @tantumanita @RobertoGranai @Rossana7336 @dianafalcione69 @AlteaFerrari @pulce_mm @lillagranata2 Â¡Gracias Marina! Es un dÃ­a especial: hay truenos,lluvia y tambiÃ©n sol,todo junto al mismo tiempo..Hermoso en verdad...Feliz atardecer/noche para todos ustedes... https://t.co/5aMsdxGDQC",1,93544,
No es un dÃ­a de lluvia si no pisas 20 baldosas flojas...,0,58851,
@NanuLepra74 Estoy esperando la lluvia ..,0,5787,
me dan miedo las tormentas y mÃ¡s cuando se corta la luz :(,0,72318,
"Vieron quÃ© hay familias que se ponen contentas cuando gana una copa su equipo de futbol? Bueno, en mi casa andan asÃ­ de contentos cuando llueve.",0,105226,
"ImÃ¡genes: DespuÃ©s de las intensas lluvias asÃ­ quedaron las barrancas en Diamante - - https://t.co/KejGduVWpB lo que no dice el diario que en 2004 se abandono el proyecto de estabilizacion de barrancas, solo se ejecuto en la zona del puerto de ultramar https://t.co/q0vfr5QdZH",1,38134,
Llueve poqui,1,34033,
Verlo a AgustÃ­n anoche llegar mojado y despeinado por la lluvia hizo que se me cayeran las babasğŸ˜»,1,90263,
@AgustinH06 La 704 cuando amanecÃ­a el dÃ­a despuÃ©s de la lluvia,0,39320,
Mirar al cielo con la insistencia suficiente para que el primer rayo de una gran tormenta impacte en tus ojos.,0,102848,agus
Lluvia hasta cuandoğŸ˜¡,1,52596,agus
No hay como el mirar fÃºtbol cuando llueve y estando en casa ğŸ’§â˜ğŸ¡ğŸ‘Œâš½,1,58973,agus
Que hermosa tormenta!!!!,1,48470,agus
Esa lluvia para dormir â¤,0,83901,fede
âš ï¸ OJO!! Me avisa @piedradari3 que â€œentro a S.Luis severa tormenta con granizo de17200mts d altura esta sobre la ruta 7 y atencion q puede llegar a su ciudad y hacer daÃ±o si sigue asiâ€,0,103259,fede
@xyxlxnm Re dormÃ­ mal amiga flashe lluvia,0,55597,fede
"encima que llueve estoy a pata, el embole en su mÃ¡xima expresiÃ³n",1,85277,fede
desenchufen a su abuelo que hay tormenta!,1,106330,fede
Esta lluvia esta ideal para cenar unos fideo con salsa.,1,81709,fede
"Como llueve, que orgazmo escuchar y sentir esto ğŸ˜",1,25330,fede
@marti_cavallo Esa calle me traumo de chica un dÃ­a de lluvia sorry,0,29280,fede
Me levantÃ© para ir a clases y pum se largÃ³ una tormenta jajaja saludos desde mi cama ğŸ‘‹,1,30919,fede
La lluvia es pa cucharear,0,13668,fede
"Real que estoy entre mirar un capÃ­tulo de mi serie y dormir, o seguir pintando xq con esta lluviağŸ˜ğŸ˜ğŸ˜",1,68186,fede
Me agarrÃ³ toda la lluvia en bici lpm,0,107510,fede
"Hoy hace 123 aÃ±os, un tipo de 50 aÃ±os, que habia sido expulsado de la secundaria por haber hecho una caricatura de un profesor, y que tuvo que irse a otro pais para conseguir un titulo, estaba haciendo unos experimentos cuando accidentalmente descubriÃ³ los rayos X.
#2ndChances",0,2488,fede
El olor a lluvia ğŸ˜,0,105773,fede
@GimenaJofre3 Vas a mojarte con la lluvia?,1,54438,fede
"- TORMENTAS FUERTES -

Zonas:Â Este de Catamarca, Oeste de Santiago del Estero, TucumÃ¡n",0,61759,fede
"El tiempo #en Santa Fe:
Barrio Constituyentes
T: 25.4Â°C
H: 62%
ST: 25.4Â°C
P: 1009.7hPa
Lluvia hoy: 0.0mm.",0,54862,fede
"Tengo que rendir un final y estÃ¡ TODO INUNDADO, LA SUERTE QUE MANEJO TE LA REGALO ğŸ˜’",1,86301,fede
"con esta lluvia tendrÃ­a que estar durmiendo, pero estoy en particular",1,63375,fede
"8h Agvnet CDU: Temp. 21.6 Â°C, Hum. 98 %, Bar. 999.2 hPa, Lluvia 3.3 mm, Viento 11.2 km/h O #Weathercloud",0,89251,fede
"Se ve que algunos accionistas tambiÃ©n se comieron el viaje de la lluvia de inversiones, del mejor equipo de los 50 aÃ±os, de que como no vamos a controlamos la inflacion, etc...El problema es que gran parte de nuestra deuda estÃ¡ en dÃ³lares. Moneda la maneja el gran titiritero. https://t.co/Lp4YOz9TfL",0,83053,fede
@glaveanton @BossPeppers El aviÃ³n va por arriba de la tormenta .No te asustes .ğŸ˜ŠğŸ¤—,0,16610,fede
"#SuperLiga
#Patronato
La Ruda bajo agua.
Las mismas que estuvieron en el empate ante #Union en el 15 de Abril, hoy estÃ¡n bajo la lluvia en el ingreso al vestuario del PatrÃ³n.
@maurogaggino https://t.co/1rlnV15vcF",0,15727,fede
"No trabajo y llueve, trabajo y hay un sol espectacular para ir a una pile. Que bien mi vida..",0,105022,fede
"Lluvia mates, con la mejor compaÃ±Ã­a ğŸ‘µğŸ’“",0,47236,fede
"CuÃ¡ndo voy a madurar y dejar de tenerle miedo a los tormentas?
Hola insomnio ğŸ‘‹",0,4066,fede
"que linda lluvia, estoy esperando que me parta un rayo",1,84306,fede
"Hernan me hablÃ³ para hacer algo,como amo que mi amigo me hable los sÃ¡bados para activarmelos ,pero llueve a bocha ğŸ¤¦",1,4968,fede
Tremenda lluvia para estar acostada pero no.. estoy en la esc para no quedarme libre,1,30614,fede
Lluvia del orto,1,104831,fede
Que lluvia hdp,1,8351,fede
"Linda lluvia, viene chanta para las canchitas ğŸ˜Œ",1,81585,fede
Vamos que hoy llueveğŸ™ https://t.co/aAvYKBBUE1,1,91543,fede
Que tormenta del orto con q necesidad a verrrrrr,1,65043,fede
No llueve en todo el finde.. Â¿Cuando va a llover? Justo para aÃ±o nuevo. ACUERDENSEN,0,105393,fede
"Datos actuales en #SantaFe
Barrio Sgto. Cabral:
T: 30.0Â°C
H: 56%
ST: 30.0Â°C
P: 1003.0hpa
Lluvia hoy: 0.0mm",0,89464,fede
QuerÃ­a lluvia AHÃ TENÃ‰,1,86996,fede
Que les pasa a los que salen con esta lluvia Â¿??? yo no puedo ni salir de la cama todavÃ­a,0,6023,fede
Ayer me enterÃ© que los rayos salen de la tierra. Por quÃ© nadie me lo dijo?,0,95310,fede
A mi novio lo haces feliz con tan poco... hoy hice un tuco que me saliÃ³ muy rico (muy modesta pero es verdad) y me dijo 37 veces que estaba riquÃ­simo y que gracias por hacer una comida tan rica un dÃ­a de lluvia jajaja lo amo,0,28599,fede
"#Reprogramacion #Taburetes #Arte2018 
â—â—Por pronÃ³stico de lluvias, la subasta de taburetes del PolitÃ©cnico es reprogramada para el prÃ³ximo Lunes 17/12 â— â— https://t.co/XtrJSlz6lo",0,68693,fede
Se me saliÃ³ el corazÃ³n del pecho con el trueno xd,0,4692,fede
me estoy dando cuenta que la lluvia me va a fallar asi que me voy a poner a estudiar.,0,24034,fede
"me iba quejar de que tenÃ­a que volver caminando con lluvia pero me acordÃ© que el sÃ¡bado corrÃ­mos con los bobos 8 cuadras con tormenta elÃ©ctrica, calles inundadas Y CON VIENTO FRIO y se me pasÃ³",0,28185,fede
"Los voy a poner en contexto. Mi hermano saliÃ³ a las 3am (por la lluvia). Este sujeto, es un individuo quÃ© cuando sale toma cantidades muy bajas de alcohol, pero siempre puede haber una excepciÃ³n, esta noche lo fue...",0,71400,fede
"Ola bb estÃ¡s invitado a mi casa a no hacer nada, solamente acostarnos, darnos muchos besos y escuchar como llueve 

Enviar",1,30327,fede
"No inverno , cocino y se comio un chocolate entero .
Resultado : dos dias de lluvia y granizo jajajaja",0,57687,fede
Otro inconveniente por la intensa lluvia: La basura es un problema de todos. https://t.co/ej3Oa1gjtD /interes_general,1,47957,fede
@vickyfreyre__ boluda fue todo muy chistoso porque dije â€œlluvia tu me oyes? me escuchas?â€ boludeando y jusTO SE LARGÃ“,0,31586,fede
"@CalleDRosario Esto es una verdadera vergÃ¼enza,seÃ±ora Intendente!!! Hace aÃ±os q reclamÃ³ y no pasa nada!!! Que hace con la plata de mis impuestos??? Esta laguna se forma cada vez q llueve,en calle Silva entre Reconquista e Iberlucea. Haga algo x favor!!! https://t.co/GQJkn98UOD",0,104050,fede
"Mks sacÃ³ el plus que le faltaba en esta Ãºltima fecha,que abuso,querÃ­a que se quede Trueno ğŸ’”",0,103002,fede
"Como odio el clima asi es una cosa que me pone muy de mal humor, porque no llueve durante la semana la concha de tu madre",0,18140,fede
"Hace dos semanas que la paso mal secando ropa, lluvia del remil orto",1,13552,fede
"Malabia y Santa MarÃ­a. En #SanJusto, las calles llenas de agua luego de la tormenta. https://t.co/bctJ592EtK",0,86513,fede
"Desde las 1 de la maÃ±ana me da 100% de probabilidad de lluvia, todo el dÃ­a lluvia, salÃ­s afuera el sol que raja la tierra, meteorolÃ³gico chupame un huevo...",0,86483,fede
MAAMAA MIRA COMO LLUEVE QUIERO DORMIR,1,12047,fede
"@CristianFoos @tribussolaro De veritas, estaba preocupada por la lluvia y me olvidÃ© que cumplÃ­a aÃ±os lpm",0,33013,fede
Tremendo rayo en cap. PrendiÃ³ la alarma de un auto ğŸ˜±,0,64482,fede
Que paja dormir sola con estos truenos del orto,1,14932,fede
Lluvia te amo,1,106779,fede
Que abuso como llueve,1,96848,fede
Dormir cuchareando mientras llueve deberia ser una de las maravillas del mundo!,0,33199,fede
@SofiaChelini Rayos,0,85539,fede
Hoy si no llueve que pinte las mas loca casa sola pa que ğŸ˜‹,0,41302,fede
@maiazogee Lluvia de agua mÃ¡s que de estrellas jajajajajajajaja,1,79772,fede
Juega que si llueve en fin de aÃ±o active una re joda en casa,0,105716,fede
Ay no ğŸ˜­ğŸ˜­ les juro que estoy cagada hasta las patas del miedo que le tengo a esta tormenta ğŸ˜­ğŸ˜­ğŸ˜­,1,5901,fede
"Team Rebellion Racing Dialogo por radio , Lotterer termina preguntando a los Tecnicos del pit. Apuntando a que???   Ademas insiste, no es facil conducir bajo estas condiciones de ğŸŒ‚ lluvia  y  entender en el cockpit lo que quieren decirme.\ Lotterer ex piloto Audi supercar hibr. https://t.co/oOx0FGbaHF",0,39325,fede
Culia la primera vez que iba a salir en el aÃ±o y llueve,1,103388,fede
Se viene la tormenta. Sin luz. Calor insoportable. Mosquitos por docenas. Me quiero morir.,0,104403,fede
lluviaÂ¡Â¡Â¡,0,44020,fede
Lluvia querida ğŸ˜,1,80487,fede
"@BubbIa__ @patussok @LasHeteras @marupink @exsetero @CRAlS2017 @YoCasto Una vez , cuando era chica,  entrÃ³ una centella a la cocina... impactÃ³ en la canilla de la cocina, fue un resplandor impresionante..el rayo habia caido en un Ã¡rbol del jardin",0,69782,fede
"aunque yo me oculte tras la montaÃ±a y encuentre un campo lleno de caÃ±a, no habrÃ¡ manera mi rayo de luna que tÃº te vayas",0,39560,fede
Que linda la lluvia solo me falta compaÃ±Ã­a y estarÃ­amos ğŸ¤—â™¥ï¸,1,34156,fede
@GabyAnabel23 no me puedo dormir solo con esta lluvia ğŸ˜ª,1,31546,fede
Lluvia??? Oh si!! Mis oÃ­dos tienen un orgasmo ğŸ™ˆ,1,81245,fede
avisame si falla el rayo,0,74374,fede
"Que lindo dormir con el chongo y la lluvia de fondo, lastima que me falta el chongo",0,16189,fede
@Gamuza37721090 Lluvia a pleno. Buen dÃ­a,1,68845,fede
@araaSca Anoche amagaron y esta maÃ±ana hasta reciÃ©n tambiÃ©n ! Pero por suerte tenemos ! Pero llueve mucho ! ğŸ˜,1,770,fede
Llueve?Â¿???Â¿Â¿?Â¿,0,107948,fede
EstÃ¡ anunciado lluvia para toda la semana llega a llover el sÃ¡bado y me muero no sÃ© ğŸ™,0,69193,fede
Truenos de mierdağŸ™„,1,14757,fede
Lluvia metele nomasğŸ˜ğŸ˜,0,30122,fede
Si llueve va ser una siesta perfecta para miğŸ™,0,105215,fede
Se presta la lluvia para dormir acompaÃ±ada,1,61221,fede
Cosa hermosa las tormentas ğŸ˜,0,81572,fede
Seguro llueve,0,104269,fede
"Dicen pobre Uruguay (por la tormenta)...
Pero........ â¤µï¸ https://t.co/qXxdD3GPAn",0,92724,fede
Que lindo dormir con lluvia â¤,1,56687,fede
Que linda lluvia locoğŸ˜ğŸ˜ğŸ˜,1,8892,fede
Ya no me gustan mas los dias nublados y con lluvia nanana mansa depre loco,0,17035,fede
q lindo dormir con lluvia seÃ±or,1,77925,fede
lluvia y a jugar.... https://t.co/arsC6sIJHo,0,57005,fede
"Me anote p nataciÃ³n,  alpedo siempre llueve cuando voy.  Petiton triunfando",0,92740,fede
"lo rÃ¡pido que se organizaron mis amigas para venir a desayunar al centro, ni la tormenta las parÃ³, o la tormenta es por culpa de ellas...",0,96323,fede
Cocinamos con Ulises y llueve ğŸ¤¦,1,54571,fede
Buen fÃºtbol en la lluvia âš½ï¸,0,84642,fede
@MussoRamiro @kiki_oliva DemostrÃ¡ que no solo servÃ­s para colgar la tornadoğŸ˜‚,0,58519,fede
Y la lluvia pa cuando?,0,8881,fede
"Antes odiaba los dias de lluvia, ahora los amo con todo mi ser! 
Que lindo martes bebÃ©!!",0,68194,fede
"el pronÃ³stico de maÃ±ana a la maÃ±ana da lluvia, pero con la suerte que tengo seguro sale alto sol",0,32824,fede
Linda lluvia para dormir abrazados y yo sin vos,1,90540,fede
@SantiagoRossi45 Que facha el tornado lpm,0,11423,fede
Q lindo q llueve,1,80250,fede
Toda la semana un sol que raja la tierra pero llega el sabado que hay de todo y llueve como la concha de tu hermana,1,6574,fede
Yendo a consulta con esta lluvia deberÃ­an aprobarme solo por no quedarme durmiendo,1,65140,fede
"1. El chino, el mudo y MatÃ­as
2. Ir y volver caminando de mi casa al Kempes para ir a ver a Belgrano contra RAFAELA un lunes bajo la lluvia
3. Un 1-0 vs Velez en el torneo transiciÃ³n 2014 https://t.co/YPh1PdomOb",1,42235,fede
"""OjalÃ¡ me cruce con alguien que tenga tantas ganas de soÃ±ar como yo, que no mienta ni se mienta, que baile entre las tormentas.""",0,58464,fede
@jormax76 Y la lluvia? @emergenciasAR,0,107748,fede
Buscando las ganas de volver a pnÃ¡ con esta lluvia,0,30395,fede
"Lluvia â˜”, lluvia â˜” y mÃ¡s lluvia â˜”",1,1963,fede
traigan un paragua y algo para la lluvia tambiÃ©n,1,90786,fede
Estoy acostada escuchando la lluvia Ãºnicamente y me parece perfecto,1,45135,fede
"en otros paises, los canales de noticias tienen tambien 4 camaras contando como se desarrolla una tormenta? durante 20 minutos?",0,10382,mechi
"La otra vez que vine a buenos aires un frÃ­o de cagarse la noche del sÃ¡bado, el domingo en la cancha cagado de calor. Ahora lluvia todo hoy y posiblemente maÃ±ana tambiÃ©n, nunca un dÃ­a normal no ?",1,9679,mechi
Con esta lluvia estÃ¡ para estar de a 2,1,44215,mechi
Se copo la lluvia,1,24669,mechi
Hice esperar a mi mamÃ¡ abajo en el rayo del sol para poder terminar de descargar la playlist del pepo porque #prioridades,0,108494,mechi
ay lluvia ğŸ˜»,1,71775,mechi
Lluvia con sol en Rosario https://t.co/6q4SvPIaz0,1,10762,mechi
"Alguien me dice cuando va a llover ? Jajajaja 

Lluvia ya cansas",0,95012,mechi
"Ahora #Tiempo en #Rosario Barrio Centro 
Temp.: 28.2Â°C
Hum.: 23%
S.T.: 23.6Â°C
Pres..: 1000.6hPa
Viento: 18Km/h WNW
Lluvia hoy: 0.0mm",1,37887,mechi
"Ahora #Tiempo en #Rosario Barrio Centro 
Temp.: 33.6Â°C
Hum.: 37%
S.T.: 35.2Â°C
Pres..: 1003.3hPa
Viento: 4Km/h ESE
Lluvia hoy: 0.0mm",0,97352,mechi
Amo los dÃ­as de lluvia â›ˆï¸ğŸ˜Š https://t.co/bhntC0AZqQ,0,106093,mechi
"@marianita85 Nono... vino al grito de ""Leo, tu mujer me dijo que te avise una hora antes de que llegue la tormenta. Ya estÃ¡ en Casilda""

Juntamos todo, nos fuimos... y al llegar empezÃ³ a llover. Es el mejor vecino.",1,98629,mechi
@rubenmilito Y con lluvia,0,47725,mechi
PequeÃ±o susto me pegue con el truenoğŸ˜‚,1,28272,mechi
"@Loiiiiiiii13 Rayos, me prestas un diccionario?",0,32161,mechi
"QuÃ© ser despreciable soy, todos los dÃ­as de lluvia pasa lo mismo",0,65464,mechi
me desperte con alta tormenta nananana me enamorÃ©,1,45852,mechi
Donde esta la lluvia que decÃ­an que iba a haber hoy???? Me niego a jugar con este calor ğŸ¤¦,0,9336,mechi
"El clima en Rosario: mesa adentro el 31, anuncian lluvias hasta el 2 de enero https://t.co/hh9GnbiHGh vÃ­a @rosariotres",0,103411,mechi
"BelÃ©n Perezlindo, encargada del Ã¡rea de ComunicaciÃ³n de la Biblioteca Popular del ParanÃ¡, indicÃ³ que el lunes por la maÃ±ana, al llegar los... https://t.co/mrsHQArqoI",0,36940,mechi
"Yo veo ami perros asustados por esta tormenta , y me baja una tristeza por los perros y mascotas q estan en la calleğŸ’”",1,65983,mechi
Lo que odio de CÃ³rdoba es la lluvia y las inundaciones mamita querida que horrible,0,30839,mechi
"Datos actuales en #SantaFe
Barrio ColastinÃ© Norte:
T: 27.9Â°C
H: 58%
ST: 29.1Â°C
P: 1006.8hpa
Lluvia hoy: 22.5mm",0,107813,mechi
"@MalenaBong Con la lluvia que se viene,mm vs desis",0,101084,mechi
"Ãšltimo dÃ­a, Ãºltimo sÃ¡bado, Ãºltimo fÃºtbol, Ãºltimo mate, Ãºltimo tere, y ahora todos los mismo idiotas primer lluvia, primer dÃ­a, primer cagÃ³, no puedo ver mÃ¡s esa idiotez!!!",0,107864,mechi
"Hola acÃ¡ en tabossi entre rÃ­os no llueve pero refocila muchÃ­simo, anoche tronaba pero no pasÃ³ nada y hoy tuvimos sol a pleno y mucho calor, en la zona del centro de entre rÃ­os a echo desastre mucha piedra",1,73736,mechi
Buscando alguien para ver la lluvia de estrellas ahre,0,78799,mechi
"ğŸš¨ Violencia sin fin: mataron a tres personas en las Ãºltimas horas

ğŸ‘‰ Una lluvia de balas que parece no acabar. Las vÃ­ctimas fatales son un hombre de 35 aÃ±os y dos jÃ³venes de 25 y 16 aÃ±os. Todos murieron en episodios distintos

â¡ï¸ https://t.co/NxaglE1ZtB https://t.co/leoono9PZ4",0,54427,mechi
"ReciÃ©n capture el momento justo en el que un rayo dejÃ³ sin luz a Barrio San MartÃ­n y cercanÃ­as ğŸ˜±

-
-
#rayo #tormenta #cordobaargentina #Thunderbolt #epec @ElDoce @tele8noticias https://t.co/GjJo8Oi4r6",1,100216,mechi
nunca en mi vida habia visto tantos rayos asi de gigantes https://t.co/KDb8TaB3hB,0,28667,mechi
"Estoy re mil podrido de mojarme con esta lluvia, parece joda",1,12634,mechi
"""SabrÃ¡ Dios si la lluvia es bendita pal que tiene techo, o desgracia o castigo del cielo, pal desamparado""(J.L.)",0,27675,mechi
Que feliz que soy con un domingo de lluvia y con un guiso de arrozğŸ·,1,50271,mechi
Pero que soledad con esta lluvia,1,81445,mechi
"Que cosa hermosa la lluvia, que hermosa las tormentas y el frÃ­o. Dios no puedo ser mÃ¡s fan #1 porque no me da el tiempo A M O (mimo al alma dormir con el sonido de la tormenta de fondo)",0,26743,mechi
"@RelampagoEdu El Granizo en la localidad de Maria Juana, se diÃ³ el dÃ­a Sabado por la tarde!!!",1,19605,mechi
"Si no llueve tengo que salir, no me queda otra",0,108625,Seba
AMO la lluvia,0,103325,Seba
"@Mica_Meira Es lo mÃ¡s lindo del mundo la lluvia, no sÃ© que decÃ­s",0,80179,Seba
Con lluvia y todo nosotros viajamos igual ğŸ¤—,0,18569,Seba
"19h ClimaRafaela: Temp. 22.4 Â°C, Hum. 81 %, Bar. 992.1 mbar, Lluvia 25.9 mm, Viento 13.3 km/h S #Weathercloud",1,19766,Seba
"Fui al gimnasio y me estoy yendo a voley, si viene una tormenta elÃ©ctrica ya saben el porquÃ©",0,15652,Seba
Y la lluvia?,0,9745,Seba
Lluvia ya te odio,0,37706,Seba
Quien me puede asegurar que para el 25 no llueve? Porque donde me meto la entrada de caliope? Jajajajaja dej aa,0,89765,Seba
y sera el unico que lo arrecha la lluvia ?Â¿ o.O,0,12914,Seba
Te amo lluvia,0,33321,Seba
@roccialejandra La cordi con lluvia,0,24807,Seba
"Tremenda lluvia, el viento a 70km/h q culiao, nada q me voy che",1,82997,Seba
"Ah, pero con Infinity War *lluvia de spoilers* https://t.co/5HZpqpzquz",0,88240,Seba
@dra_rocks @FulanaSinFiltro ojo tambien con las tormentas!!!,0,109005,Seba
"Con la cantidad de lluvia que esta pronosticado en los prÃ³ximos diez dÃ­as, como se atreven a organizar pool parties?",0,96301,Seba
Con esta lluvia te estaria necesitando ahora conmigo acostados abrazados y decirte cuanto te extraÃ±o..,1,62705,Seba
Esta lluvia se presta para estar con vos,1,53483,Seba
Como amo la lluviağŸ˜,0,93651,Seba
Necesito helado con esta lluvia,1,66115,Seba
"11h Agvnet CDU: Temp. 23.4 Â°C, Hum. 55 %, Bar. 1005.9 hPa, Lluvia 0 mm, Viento 23.4 km/h NE #Weathercloud",0,18288,Seba
@halconada La tobillera.... recibirÃ¡ descargas de rayos si hay alguna tormenta elÃ©ctrica? ğŸ¤”,0,68182,Seba
"@Marcosbordigoni Aparentemente lo querÃ­an vender a Europa, no estÃ¡ mal. Pero el pronÃ³stico lo sabÃ­an. QuizÃ¡s los estadios deberÃ­an estar en mejores condiciones, aunque si llueve mucho y en poco tiempo, no hay cÃ©sped q aguante.
OjalÃ¡ se pueda jugar. Xq sino se vuelven infumables todos jaja",0,6188,Seba
"La lluvia y el mate se llevan muy bien ğŸŒ§ğŸ˜‹â˜”ï¸

#BuenLunes
#DescubriTuLugar https://t.co/DnYkUbCRW9",1,48912,Seba
DeberÃ­a ser ilegal ir a cursar con esta Lluvia,1,15977,Seba
"Muy linda la lluvia... hermosa para mi gusto, pero que chance hay de que frene un toque hasta que vuelva de trabajar? ğŸ§ğŸ¤”",1,25573,Seba
"7h ClimaRafaela: Temp. 16.3 Â°C, Hum. 51 %, Bar. 1004.4 mbar, Lluvia 0 mm, Viento 3.6 km/h E #Weathercloud",0,59117,Seba
"La concha de la yuta, pq mierda anda tan mal cablevision cuando hay tormenta",1,49858,Seba
SentÃ­ como llueve y yo no me puedo dormir,1,2168,Seba
Semejante tormenta para que no refresque un carajo ğŸ˜‘,1,69248,Seba
La tormenta era mÃ¡s linda estando en mi casa y con mamÃ¡,1,53288,Seba
No soporto que llueva odio la lluvia parece que me bajoneara mas,0,25886,Seba
@juliansaleme lluvia de ruedas,0,73958,Seba
"#VillaMaria 16:00 hs | Temp 35.4Â°C Min=23.2Â°C (04:46) Max=35.9Â°C (15:46) | Hum.49 | Viento 8.6 km/h NE, Pres.979.5 hpa Lluvia   0.6 mm",0,107644,Seba
Me estoy yendo a trabajar y se larga la lluvia con todo ğŸ˜© hermosa suerte la mia ğŸ™‡ğŸ½,1,31451,Seba
"Datos actuales en #SantaFe
Barrio ColastinÃ© Norte:
T: 34.4Â°C
H: 46%
ST: 37.9Â°C
P: 1001.9hpa
Lluvia hoy: 0.0mm",0,107831,Seba
@JGiardelli1 @Agustin_Botta1 Con esta lluvia sabes cÃ³mo va a estar maÃ±ana ?? Tenemos q salir si o si,1,18982,Seba
"escucha como llueve amigo, nas ganas de morsear de a 2 ",1,63885,Seba
"Lo mas lindo del dÃ­a, irme a dormir con el sonido de la lluvia",1,17038,Seba
No se puede largar a llover ahora la puta madree. Tengo que cruzar el pueblo en bici y llueve re fuerteğŸ˜­,1,94337,Seba
Dia de lluvia lo laburamos asi... https://t.co/gjq6KhBIsu,1,2481,Seba
"Esta lluvia, por favor,
Necesito estar todo el dÃ­a en la cama",1,52235,Seba
Estoy sentada tranquila en el balcÃ³n viendo los rayos con los pajaritos cantando de fondo y me parece perfecto,1,59415,Seba
"Ya lo intentamos todo durante un aÃ±o largo, tormentas y soledad con dolor",0,98302,Seba
El dilema de ir al gym con esta lluvia ğŸŒ§  #MondayMood,1,26044,Seba
"#VillaMaria 22:00 hs | Temp 29.0Â°C Min=23.0Â°C (05:43) Max=37.9Â°C (15:39) | Hum.80 | Viento 3.6 km/h E, Pres.980.1 hpa Lluvia   0.0 mm",0,99016,Seba
"Â¡Buen dÃ­a! #BuenMiÃ©rcoles, la maÃ±ana comienza con el cielo despejadoâ˜€ï¸ despuÃ©s de varios dÃ­as de lluvia. La temperatura actual es de 14.9Â°C ğŸŒ¡ï¸.
Ponete #AlDÃ­a con esta variedad y calidad de noticias auspiciadas por #SupermercadosLaReina https://t.co/zsMjCo38gQ",1,36713,Seba
Lluvia hija de mil puta,0,36069,Seba
Re piola la lluvia .ğŸ˜ğŸ˜‚,0,48437,Seba
Que esta lluvia no me corte la noche,1,57505,Seba
"Que la lluvia no te detenga!!
SaliÃ³ hermoso entrenamiento!!
Felicitaciones a los guapos!!
La seguimos de 14 a 15.30
Y de 18 a 20
Llueva o truene!!",0,64713,Seba
"@SofiaParodi_ @luciribert ME PARECIA QUE ERA AZ7L, Cuando salimos a llorar en pedo con tormenta y la cana atrÃ¡s JAJAJAJA",0,61930,Seba
"@matiaslongoni MÃ¡s allÃ¡ de eso, creo que el problema empieza ahora, subiÃ³ la napa, a partir de ahora cualquier lluvia moderada complica.",0,41117,Seba
"La lluvia, la birra y mis amigos ğŸ’–ğŸ’–",1,80477,Seba
quiÃ©n me manda a volverme en plena lluvia,1,73098,Seba
Que linda la lluvia despuÃ©s de tanto calor,1,101444,Seba
Si dormir escuchando la lluvia es hermoso imaginate con vos al ladoğŸ˜•ğŸ˜ğŸ˜­,0,22182,Seba
No escuchÃ© ni la lluvia ğŸ˜…,0,90132,Seba
"3h Agvnet CDU: Temp. 19.3 Â°C, Hum. 64 %, Bar. 1005.2 hPa, Lluvia 0 mm, Viento 6.1 km/h N #Weathercloud",0,64416,Seba
"@lidelaroc @silviamaltag74 @SilviaP2015 @serpilloc @dolomia4ever @Mariella_M @AngelaM62975838 @CodognoLorant56 @CasalinoManuela @MCristinafernn @DDurissini @MarcelaOla @AngeleriMassimo @479nea @soymariche @salitasyo @skyrun7 @clautenacity @elpibevarela @lu19lucia @ivancardenasmg @eperdomi Gracias querida Lili!!!! Lluvia de bendiciones para 2019
AbrazosğŸ˜˜ğŸ’•ğŸ¸ğŸ¸",0,108531,Seba
"mmmmm llueve , ta lindo para estar con EEEEL",1,92282,Seba
Todos mis hermanas van a salir hoyğŸ˜ª a ver si se en el medio de la noche las parte un rayo. Gracias.,0,67313,Seba
Ya espantaron la lluvia con sus estupideces manga de mogolicos,0,85767,Seba
Amo como llueve ğŸ˜ğŸ˜,1,1119,Seba
"#VillaMaria 12:00 hs | Temp 26.3Â°C Min=16.3Â°C (04:14) Max=26.8Â°C (11:45) | Hum.40 | Viento 19.4 km/h NNE, Pres.990.2 hpa Lluvia   0.0 mm",0,48663,Seba
un dia esta lindo pero al otro llueve despues vuelve a estar lindo pero ahora vuelve a llover,1,80025,Seba
Lluvia y estudio NO van de la mano,0,67686,Seba
"Que linda noche de lluvia para dormir con ""vos""

Pongo ""vos"" por quÃ© en realidad no tengo ningÃºn ""vos"" pero queda re piola decirlo",0,34250,Seba
Hoy que estaba ideal para tomar sol DORMÃ SIESTA. Acabo de ver el clima y dan lluvia hasta la semana que viene ğŸ™„,0,66452,Seba
"Faaaa mirame siempre asÃ­ con esos ojitos hermosos que tenes, me moje y no fue con la lluvia, ",0,12579,Seba
"Puchito, balcÃ³n y lluvia atr",1,28700,Seba
Que lindo dormir con lluvia ğŸ˜,0,34173,Seba
Existe algo mejor que la lluvia? La respuesta es no,0,93253,Seba
Hizo cuadro la lluvia,0,3672,Seba
#Tormentividades â›ˆï¸#Rosario |  Otra jornada sin #Colectividades2018 por la lluvia ğŸ“Œ@CalleDRosario @TransitoRos @TransitoRosari @emergenciasAR ğŸ‘‡ğŸ½https://t.co/VPbeIkjVHW,0,21650,Seba
"QuerÃ©s venir a no dormir con esta lluvia? 

Enviar",1,32335,Seba
"Esta lluvia que ciega los cristales
alegrarÃ¡ en perdidos arrabales
las negras uvas de una parra en cierto
patio que ya no existe. La mojada
tarde me trae la voz, la voz deseada,
de mi padre que vuelve y que no ha muerto...
#Borges ğŸ’•ğŸ’• https://t.co/9iDaoIKiGJ",0,62852,Seba
Llueve como la puta madre pero me tomo un campari igual,1,4311,Seba
"Se esperan lluvias y tormentas desde maÃ±ana hasta el sÃ¡bado inclusive en la zona central/oeste. VerÃ¡n el sol, habrÃ¡ mejoramientos pero todos los dÃ­as del periodo volverÃ¡ a desmejorar.

 INFORMACIÃ“N HASTA LAS 12:30 DEL 25/11.",0,50311,Seba
Zarpada la lluvia de anoche!!!,1,56304,Seba
Llueve tengo fiebre y no estoy en mi cama. Estoy sufriendo,1,52482,Seba
"Mabel la tormenta que se viene ğŸ˜­âŒ
ya me veo sin dormir esta noche âŒ",0,87794,Seba
Truenos de mierdaaağŸ˜–,1,74612,Seba
Chiquito rayo &gt;.&lt;,1,28702,Seba
Con lluvia se jugÃ³ igual. El resultado? El mismo de siempre y a domicilio encima ğŸ‘‰ğŸ‘Œ https://t.co/JJmQyVceQJ,0,6668,Seba
"ğŸ‰ğŸ‰ Â¡Fiesta en el Centro Cultural Parque de EspaÃ±a! ğŸ‰ğŸ‰

ğŸˆ Veinticinco aÃ±os desde la chispa fundacional. 

MÃºsica en vivo / visuales / gastronomÃ­a espaÃ±ola.

Este #domingo, 20.30 h. Entrada con consumiciÃ³n: $70. En caso de lluvia, se reprograma para el lunes 3. https://t.co/k0qzrzGQOd",0,56320,Seba
"En serio hay personas asÃ­? OjalÃ¡ nunca te pase, no te das una idea de lo mal que la estÃ¡n pasando todas esas personas. Raro que con tanta lluvia no te ha llegado el agua al tanque https://t.co/hJKpjfb2ex",0,25946,Seba
"Lluvia? En el chiquero, con 9.. Como sea, donde sea..! ""Papa"" https://t.co/WbCuVXQjfY",0,8697,Seba
"MaÃ±ana queria empezar a correr, lluvia de mierda",0,81693,Seba
Un dia esta soleado y hace un calor que es insoportable y al otro hace frio y llueve. Re loco este climaâ˜€ï¸ğŸŒ¡ğŸŒ§,0,81274,Seba
"@SofiaPasqualis1 JAJAJAJAJAJA siempre llovia en mis francos, ahora q ya no trabajo llueve cuando tengo que salir la vida me odia",0,103970,Seba
"Si viene tormenta o algo mÃ¡s fuerte, soy yo que me puse a estudiar",0,52950,Seba
La lluvia ğŸ˜,0,32712,Seba
"@AbriiPauul Aguanta mala, si llueve se mojan todos no? Xd",0,8927,Seba
"TambiÃ©n solicitaron una soluciÃ³n urgente con el desagÃ¼e de la Plaza del BioquÃ­mico y alrededores, dado que se rompiÃ³ ""el puente"" que ellos habÃ­an hecho e ingresÃ³ agua en sus viviendas ubicadas sobre el Canal Maestro Sur, tras las Ãºltimas lluvias. https://t.co/7X6zz60snB",0,15555,Seba
Ya estarÃ­amos con la lluvia eh..,1,22934,Seba
"12h Agvnet CDU: Temp. 25.9 Â°C, Hum. 25 %, Bar. 1004.7 hPa, Lluvia 0 mm, Viento 13.3 km/h SO #Weathercloud",0,59141,Seba
"Lave mi moto y recibÃ­ millones de mensajes de mis amig@s diciendome que convocÃ³ a la lluvia JAJAJAJ. (Pero si, seguramente llueve, esa mi suerte jajaja)",0,42595,Seba
@AlejandroSanz estÃ¡s con tus musas??? Yo estoy con las mÃ­as pero la lluvia no me  deja  concentrar....,0,22475,Seba
"Que lindo dormir con lluvia, me falta Ã©l.",1,18660,Seba
ğŸŒ§â›ˆï¸ Hermoso haberme dormido escuchando la lluvia; me despierto y sigue la lluvia. â¤â¤AMOâ¤â¤ Â¿Alguna duda de que no voy a salir de mi casa? â˜”ğŸŒ‚,1,20,Seba
#ClimaCordoba Temperatura: 18 ÂºC - Tormentas - SensaciÃ³n TÃ©rmica: 18 Â°C - Humedad: 88 % - Viento: 30 km/h Suroeste - Datos de Hora: 00:41:00 #Clima #CÃ³rdoba #Tiempo,0,54826,Seba
Nada mÃ¡s feo que ir caminando por el centro con la tormenta y que un auto te baÃ±e por completo de agua.,0,56520,Seba
@zurchercarolina Yo te doy un abrazo de oso. Esta noche (si es que no llueve jaja),0,28641,Seba
Mejor no pongo para que estÃ¡n lindas las noches de lluvia ğŸ˜‚,0,22914,Seba
Y la lluvia? Y candela? https://t.co/TMwKnPiJcs,0,80214,Seba
Como les explico lo mucho que me dan miedo las tormentas y estoy durmiendo sola porque mi mama no quiere venir conmigo,0,75133,Seba
"Dios, la lluvia a la hora de dormir es unas de las sietes maravillas del mundo ğŸ˜ğŸ˜ğŸ˜ğŸ˜ğŸ˜ğŸ˜ğŸ˜",1,46208,Seba
Che todo bien con la lluvia pero yo tengo q hacer cosas,1,92911,Seba
Adivina si lavÃ© el auto ayer y ahora llueve como la puta madre,1,49287,Seba
Fin de semana con abundantes lluvias. Recomiendan limpiar canaletas  #Rosario @emergenciasAR,0,7365,Seba
Un miedo esta tormenta,1,77743,Seba
De rayos gamma a rayos X: un nuevo mÃ©todo permite descubrir una emisiÃ³n de los pÃºlsares previamenteÂ desconocida https://t.co/deTwv6w9zy https://t.co/CsKX7N9NWm,0,43927,Seba
"Mientras no llega la lluvia, se espera un sÃ¡bado caluroso en la ciudad https://t.co/CmK98dCqVk",0,2048,Seba
Hasta cuando la lluvia hermano ğŸ˜‘ğŸ˜‘,0,12758,Seba
A los que aman el verano: 12 de noviembre y hacen 18 grados y con lluvia! Aguante el frÃ­o caretas,1,30291,Seba
"Mates, estudio y lluvia de fondoğŸ‘Œâ˜”â˜",1,13879,Seba
"No me queje de que se cortÃ³ la luz porque la noche nos regalÃ³ un show de rayos a oscuras.
Digno de ver para los que estamos sentados en una reposera afuera de casa..",1,21079,Seba
Esa lluvia ğŸ˜,0,60747,Seba
Tormenta no podÃ©s esperar hasta que vuelva de la peluquerÃ­a??,1,9159,Seba
"Que lindo le llueve, que no pare mÃ¡s ahora ğŸ˜‚",1,85542,Seba
Como LLUEVE LCDSM NO ME ANDA Nada,1,72388,Seba
lluvia de mierda me dejo sin luz y me mojo toda la cama,0,76866,Seba
flashie que habÃ­a parado la lluvia fo,1,33041,Seba
"#BuenMiÃ©rcoles
Cielo parcial cubierto a cubierto con mejoramientos temporarios. Condiciones inestables a algo inestables. Alguna posibilidad de lluvias dÃ©biles y dispersas durante la jornada no descartÃ¡ndose algÃºn eventos mÃ¡s intenso. https://t.co/5FDiCX8ZHQ",1,70731,Seba
"22h Agvnet CDU: Temp. 20.4 Â°C, Hum. 48 %, Bar. 998.6 hPa, Lluvia 0 mm, Viento 12.2 km/h S #Weathercloud",0,61730,Seba
Que lindo jugar con lluvia âš½,0,104063,Seba
"Llueve. Feliz dÃ­a a los que hacen, ademÃ¡s de solo decir o parecer. https://t.co/TEvxjQgRru",1,39930,Seba
"9h ClimaRafaela: Temp. 23.4 Â°C, Hum. 49 %, Bar. 998.7 mbar, Lluvia 0 mm, Viento 7.2 km/h NNE #Weathercloud",0,37798,Seba
"Despertarme a esta hora con la lluvia de fondo, cagada de hambre no tiene perdÃ³n ğŸ˜’ğŸ·",1,90267,Seba
Gracias Twitter Argentina por hacerme enterar que llueve. (?) https://t.co/NaeoicxCgx,0,100461,Seba
"15h ClimaRafaela: Temp. 26.1 Â°C, Hum. 54 %, Bar. 1001.6 mbar, Lluvia 0 mm, Viento 13.7 km/h SSO #Weathercloud",0,54201,Seba
Si dios no existe... cÃ³mo explicas la lluvia??Â¿? ğŸ˜ jaque mate ateos https://t.co/3RQ7QlgK6x,0,103718,Seba
Truenos o bombas ? La puta madre quiero dormir,0,53168,Seba
yo queriendo ver la lluvia de estrellas con vos y vos queriendo verla con ella,0,66678,Seba
"Lo Ãºnico que te diferenciaba de directv es que se podÃ­a ver bien los dÃ­as de lluvia y viento ahora ni eso, son un asco @CableFibertel",0,17891,Seba
Ya se puede largar la lluvia,0,103617,Seba
"""Lo agarre de cabeza al rayo"" dijo Motta
""Quede diciendo dieciuno"" 
JAJAJAJAAJAJAJAJAJAJA",0,81247,Seba
"Un mes vacunando chic@s casa por casa y hasta con lluvia, hablame de amor a la profesion",0,51597,Seba
Hermosa lluvia para dormir con ella ğŸ˜ y solamente eia ğŸ˜,1,60755,Seba
Se espera una semana inestable con tormentas elÃ©ctricas  https://t.co/ILgLQxLqrU vÃ­a @Lv16com,0,83478,Seba
ğŸŒ§ï¸Nuevas lluvias darÃ¡n impulso a la soja. MirÃ¡ el informe exclusivo de clima auspiciado por @L2_LaSegunda ğŸ‘‡https://t.co/hYoRfehtDA,0,105067,Seba
"ReciÃ©n me entero que a la maÃ±ana se vino la re tormenta, yo me levantÃ© re dormida a trabar la puerta de mi pieza galpÃ³n y segui durmiendo como una campeona. Ni me enterÃ©  ğŸ¤£ğŸ¤£",0,67493,Seba
Hace 2 horas estoy esperando que pare la lluvia para salir a correr ._.,1,33410,Seba
QuÃ© cosa hermosa la lluviağŸ˜,1,16582,Seba
La lluvia le afecto el cerebro,0,55961,Seba
Aca cn la Uma arriba mÃ­o porque le tiene miedo a las tormentas,0,99715,Seba
"@Lautiio3 EstÃ¡ escrito en la Biblia que si no llueve el dÃ­a del baile, llueve uno o dos dÃ­as antes",0,93220,Seba
IncreÃ­ble lo inundado y autos quedados en la Flore,1,1531,Seba
"Llueve y te pinta enredar piernas  
*no lo digas
*no lo digas
*no lo digas
*no lo digas
*no lo digas ojalÃ¡ dejemos de ser tan artistas y me hables, quiero verte",0,91135,Seba
Con esta lluvia se trabaja igual,1,99551,Seba
LLORASTE TANTO RIBER PLEY QUE TUS LÃGRIMAS SE TRANSFORMARON EN LLUVIA LA RE CONCHA DE TU MADRE,0,8137,Seba
Esta tormenta se viene mÃ¡s fuerte que eiaa un sÃ¡bado por la noche! Se me va a volar el rancho ğŸ˜‚,0,94915,Seba
@DevauxFlor Mucha tormenta para salir a caminar querida,0,81979,Seba
MetrovÃ­as informa... un sin fin de excusas evadiendo cualquier tipo de responsabilidad ante la desidia a la que expone cada vez que llueve a sus trabajadorxs y usuarios. trabajamos ante el peligro de la electricidad que llega a 800V de corriente continua en el caso la linea B,0,90065,Seba
Se corto la luz y se vino la lluvia con viento lpm...,1,101577,Seba
"En este momento cuando estÃ¡s a la luz de las velas porque la tormenta corto la luz en tu barrio, y tenes 2% de baterÃ­a te das cuenta lo necesario que es el cargador portÃ¡til",1,87455,Seba
No llueve y yo empiezo a matar gente o me voy a tener que sentar a tomar p olvidarme del dolor de pierna ğŸ’ğŸ˜…,0,103326,Seba
"Esta lluvia, los Vengadores y mi novio. Mejor plan del mundo ğŸ’š",1,60852,Seba
Todavia sigo esperando la lluvia de estrellas.ğŸ˜‘,0,88387,Seba
soy fan de los rayos,0,23629,Seba
"Es domingo y duermo con mi novio, con razÃ³n la lluvia de lunes a jueves ğŸ˜¨ğŸ˜‚ğŸ˜¨ğŸ˜‚",0,49732,Seba
luka me manda videos de la tormenta desde la ventana del cuarto y es lo mÃ¡s placentero que pueda existir,0,69277,Seba
Lo peor de  este calor es q estoy  parada al rayo del  sol  derretida del  maquillaje,0,89538,Seba
"El tiempo #en Santa Fe:
Barrio Constituyentes
T: 25.9Â°C
H: 54%
ST: 25.9Â°C
P: 1007.8hPa
Lluvia hoy: 6.9mm.",0,107812,Seba
"Ahora #Tiempo en #Rosario Barrio Centro 
Temp.: 23.1Â°C
Hum.: 52%
S.T.: 21.9Â°C
Pres..: 1002.7hPa
Viento: 10Km/h W
Lluvia hoy: 0.0mm",0,59682,Seba
@juli_eta1 Si pinta... cuando llueve con sol ğŸ˜…,0,15462,Seba
Y bueno habrÃ¡ que salir un rato y no a ver si llueve,0,88133,Seba
que si estoy escuchando suenan las alarmas llorando mientras llueve????????????? SI.,1,50247,Seba
"Â¡Buenos dÃ­as para todos! Comenzamos este miÃ©rcoles con una temperatura de 18,1Âº en la ciudad de San Luis. La mÃ¡xima pronosticada es de 30Âº, por la tarde se anuncian tormentas. 
Compartimos nuestros tÃ­tulos para arrancar el dÃ­a bien informados: https://t.co/xYWbVXbXv5",0,92879,Seba
@hemmxsturbate Y vos quÃ© hacÃ­as viajando en colectivo? MaÃ±ana llueve,0,63448,Seba
ya tormenta ya estÃ¡ la concha de tu madre ğŸ™„,1,101734,Seba
"Hola, no me gustan las tormentas. QuerÃ©s venir a s dormir conmigo ? Hago pururus muy ricos, pensalo. 
Enviar",0,14710,Seba
lluvia de Ã¡rboles y chapas skere,0,69937,Seba
"Quiero estar yendo a algÃºn lado y morir en el camino, o q me choque un cole, o que me caiga un rayo, o que alguien me mate, o lo q sea pero ya entienden ustedes a lo q voy",0,69894,Seba
Gracias por tanto lluvia,0,20394,Seba
"La tormenta interminable podrÃ­a hacer que refresque un poco, no?",1,28177,Seba
Yo re emociÃ³n anoche esperando la lluvia de estrellas y se cagÃ³ lloviendo ni bosta jajajajajajajajğŸ¤¦ğŸ½â€â™€ï¸,0,79864,Seba
De donde salio esta lluvia   igual mejor que llueva toda la noche,1,41717,Seba
"Que dÃ­a del orto, sÃ³lo rescato la lluvia y que es el cumple de Mari, nada mas",0,29921,Seba
Que ganas de joder lluvia.,1,94176,Seba
Con esta tormenta pretenden que estudie para el final de maÃ±ana la puta madre que los pario ğŸ¥µğŸ¥º,1,74912,Seba
wacho no puedo estar tan enamorada de trueno q waso hermoso,0,105493,Seba
"Me aprecie chomaso que llueva porque algunos compaÃ±eros cuando llueve no van al colegio, porque no pueden o que se yo, y chomaso que no vayan estos Ãºltimos dÃ­as",0,52895,Seba
pero que hermosa lluvia ğŸ˜»,1,39857,Seba
"Lluvia+besos+gar....

â™¡",0,31705,Seba
"#VillaMaria 21:00 hs | Temp 31.8Â°C Min=23.6Â°C (06:00) Max=37.2Â°C (16:14) | Hum.56 | Viento 7.2 km/h NE, Pres.975.7 hpa Lluvia   0.0 mm",0,98986,Seba
"ğŸ—  La primavera se resiste: tras dos dÃ­as de sol, vuelven la lluvia y el frÃ­o https://t.co/HWvjaAiZTE | https://t.co/XxsV7LQ7Y7 #Rosario3 https://t.co/oFrhlh6Gv6",0,54953,Seba
"*La vida no es esperar que pase la tormenta. Es aprender a bailar bajo la lluvia* en CÃ³rdoba, Argentina https://t.co/g2E4mraJq8",0,97597,Seba
Las lluvias y tormentas al momento vuelven maÃ±ana a la zona central y el Litoral.,0,50306,Seba
Mi perra le tiene miedo a los truenos la amo,0,59374,Seba
"Objetivo: Dormir tranqui y aprovechar que llueve y estÃ¡ especial.

Dificultad: La ida de la final y pensar en si se juega hoy o el SÃ¡bado.",0,2918,Melissa
"A que clase de persona le relaja este tipo de tormentas que parece que te van a volar la casa, o escuchas las piedras en el techo. A mi me ponen nervioso!!, leo en Twitter Que ponen esas cosas y no los entiendo.",0,27293,Melissa
Me encanta el olorcito a lluvia ğŸ˜ğŸ˜ƒ,0,17270,Melissa
Yo creo que los truenos estan de mas no se,0,61214,Melissa
Los dias de lluvia son unğŸ’¯,0,16553,Melissa
Necesito un novio para los dÃ­as de lluvias,0,87349,Melissa
Truenos chotooss,1,87039,fede
Me pueden explicar xq PINCHILA hace 30 grados y hay sol TODA LA SEMANA Y JUSTO EL FINDE LLUEVE clima del ogt,0,10480,fede
@HMatorras @ElisaCarrioArg Total..ellos tienen custodia!!al pueblo que lo parta un rayo o que nos acribillen x un celular!!No les importamos!!!,0,88290,fede
"Hoy fue mi primer dia en serio de vacaciones, y todo se lo debo a la lluvia jaja",1,83202,fede
Que tormentÃ³n culiau me dan alto cagazo esos truenos,1,56624,fede
Que hermosa sos lluvia ğŸ’•,1,91944,fede
"Justo esta semana necesito sol, asÃ­ que bye lluvia",0,20419,fede
Como olvidar la noche en la que Silvia cortÃ³ la luz y nos corriÃ³ en medio de toda la tormenta ğŸ˜‚ igual nos fuimos y estuvimos de joda hasta las 9am. Toma pa vo,0,74879,fede
"El tiempo #en Santa Fe:
Barrio Constituyentes
T: 20.4Â°C
H: 60%
ST: 20.4Â°C
P: 1015.1hPa
Lluvia hoy: 0.0mm.",0,38514,fede
"14h ClimaRafaela: Temp. 21.3 Â°C, Hum. 80 %, Bar. 1006.1 mbar, Lluvia 0.7 mm, Viento 7.2 km/h SE #Weathercloud",0,82594,fede
Necesitaba correr bajo la lluvia que hermosura ğŸŒ§ï¸ğŸ‘Œ,0,25767,fede
3 horas caminando en el rayo del sol para no terminarme comprando nada,0,98436,fede
"23h ClimaRafaela: Temp. 16.2 Â°C, Hum. 83 %, Bar. 1003.3 mbar, Lluvia 6.1 mm, Viento 7.2 km/h S #Weathercloud",0,51188,fede
Cosine y se vino la tormenta ğŸ˜‚ğŸ˜‚ğŸ˜‚,0,108028,fede
Esta lluvia me hace tener mas sueÃ±o ğŸ’¤ a dormir,1,24475,fede
Fua nose si llueve,0,55248,fede
Noche de lluvia pide a gritos maratÃ³n de Grey's Anatomy,1,61057,fede
"Noooo, escuchÃ¡ esos truenos ğŸ˜",1,93830,fede
ay esta tormentağŸ’œ,1,14262,fede
"El tiempo #en Santa Fe:
Barrio Constituyentes
T: 19.2Â°C
H: 57%
ST: 19.1Â°C
P: 1006.6hPa
Lluvia hoy: 0.0mm.",0,18461,fede
"El tiempo #en Santa Fe:
Barrio Constituyentes
T: 32.8Â°C
H: 19%
ST: 32.8Â°C
P: 1006.2hPa
Lluvia hoy: 0.0mm.",0,1806,fede
"Esta lluvia de mierda no quieren parar , son los sinas, son los sinas que no paran de llorar.",1,25315,fede
QuÃ© se hace cuando hay tormenta?._.,0,57570,fede
Esta lluvia es hermosa para quedarse mirando la tele todo el dia,1,9208,fede
Hoy voy a tomar hasta rehenes y si llueve el agua de la lluvia tambiÃ©n,0,98264,fede
Mucho trueno mucho trueno y no va a caer ni una sola gota acordate de lo que te digo,0,16523,fede
QuÃ© garrÃ³n mudarse y quÃ© garrÃ³n mudarse con lluvia.,0,62368,fede
"#AireDeNoticias
Temp 19.4
Max 29
Algo Nublado
HÃºmedo e inestable con probables precipitaciones y tormentas dispersas ,neblinas y bancos de niebla por la maÃ±ana viento leve a moderado del sector norte cambiando al sur. Poco cambio de temperatura @radiomitrecba. https://t.co/8PB6YJe4BB",0,90074,fede
Buen dia!!! El mirando los pajaritos y la lluvia jaja #martes https://t.co/Aq3H1AXPzR,1,52499,fede
Por dios esos truenos ojala me pegue uno,1,93902,fede
"como no les puede gustar la lluvia, es lo mas hermoso y tranquilo",1,53729,fede
"El tiempo #en Santa Fe:
Barrio Constituyentes
T: 22.5Â°C
H: 47%
ST: 22.5Â°C
P: 1011.8hPa
Lluvia hoy: 0.0mm.",0,38491,fede
"quiero prestarte atenciÃ³n , me importas mucho como para dejarte mucho tiempo , sali a pagar unas cosas y me volvi por la lluvia , me pongo a pensar en todo esto q nos pasa y no quiero q se pase mas el dia , q podamos sentir todo lo q tenemos en nuestro interior",0,49116,fede
Esta lluvia si que c mamo,1,6122,fede
Ahora la tÃ­pica lluvia a las doce de la noche en pleno brindis. Â¡Felices fiestas para todossss!ğŸ‰,0,98152,fede
"Llueve en todo el paÃ­s menos acÃ¡, lpm fallÃ³ la maldiciÃ³n gitana",0,5521,fede
"#SantaFe 
@GuilleBeckmann explicÃ³ que las quintas estaban sembradas a pleno, y las Ãºltimas lluvias (cayeron 160 mm) complicaron un poco a los quinteros que perdieron casi un 40% de la producciÃ³n.
https://t.co/ZgCVXRYbZI https://t.co/foyrjsn6UI https://t.co/ZmSE4uKATz",0,60595,fede
"QuÃ© lastima la gente que tiene que ir a trabajar si o si con esta tormenta , yo discÃºlpenme no voy a cursar ni en pedo",1,30805,fede
"@BubbIa__ @patussok @LasHeteras @marupink Por ahora cielo despejado, ya se fue el vientito fresco.... si se junta humedad,,llueve otra vez...",0,89777,fede
Porque siempre llueve cuando tengo que quedarme toda la noche despierta estudiando?,1,56936,fede
Lluvia culiada no me puedo volver del laburo,1,106278,fede
Escucha como llueve y yo me tengo que ir al colegio ğŸ™„,1,22001,fede
@todonoticias Buenos https://t.co/UDVgMpeEJ6Ã­ llueve en Del viso pero ahora calmÃ³ un re viento se habÃ­a levantado x eso me despertÃ© https://t.co/ZWMwh4iKeA,0,9863,fede
Como me gustaria q con esta lluvia crezca y se mantenga el agua en rio de la sierra!!,1,51136,fede
@BoffeGP CALLATE BOFE HABLA DE LA LLUVIA,0,104699,fede
"#FederalA debido a la lluvia caÃ­da en la madrugada hubo cambio de planes en #RacingCba, el plantel de Mostaza Merlo se entrenarÃ¡ a las 17 horas en el predio. https://t.co/rfXcFd3lP0",0,862,fede
Que lindo escuchar la lluvia ğŸ˜,1,60996,fede
LLUVIA Y LA REPUTISIMA MADRE QUE TE RE MIL PARIO,1,93869,fede
"Que lindo fue levantarse, sentir el olor a humedo y el ruido de la lluviağŸ˜(escuela quien te Juna hoyğŸ˜‚)",0,43009,fede
Lo Ãºnico que quiero es baÃ±arme con agua caliente despuÃ©s de estar 40 min esperando el bondi abajo de la lluvia la puta madre,0,13163,fede
#SantaFe| â˜” ContinÃºan las lluvias durante todo el lunes https://t.co/IaYDhQYpzu https://t.co/sOst1XNvt4,0,19686,fede
"Primera vez que coincidimos con el papÃ¡ de los chicos, con razÃ³n tanta lluvia !!!! Jajaj ğŸ¤™",1,20139,fede
Aiiiii los truenos y la lluvia ğŸ¤¤â›ˆ,1,56925,fede
"A mi sobrina PapÃ¡ Noel le trajo un Rayo McQueen de Cars. Es Ã©l, usa bombacha, lo lleva al baÃ±o y hace parado, le pone protector solar y come chocolates con ella",0,98107,fede
#granizo pequeÃ±o barrio Villa Cabrera - Cba Capital,1,92989,fede
Que tormenta presiento,1,57156,fede
"La puta madre no fui a rendir, maldita lluvia traicionera",1,52228,fede
"12h ClimaRafaela: Temp. 30.5 Â°C, Hum. 54 %, Bar. 993 mbar, Lluvia 0 mm, Viento 6.1 km/h O #Weathercloud",0,38316,fede
"Gente, llueve desde que nacimos, ya cansa la fotito de la tormenta todas las semanas",0,45619,fede
"Me gusta el verano cuando llueve o estÃ¡ muy fresquito. O sea,no me gusta el verano.",0,67120,fede
@Peperinain Claro!!! Cuando vimos la tormenta elÃ©ctrica tuvimos que apagarlo ğŸ˜¬ğŸ˜¬ğŸ˜¬ es un horno... Y la siesta!! Dios!!! Terrible!!,0,102726,fede
"Hola queres venir a mirar la serie y dormir con esta lluvia? 

Enviar",1,24743,fede
"El tiempo #en Santa Fe:
Barrio Constituyentes
T: 22.3Â°C
H: 63%
ST: 22.3Â°C
P: 1011.6hPa
Lluvia hoy: 0.0mm.",0,95846,fede
Que esta tormenta me saque todo lo malo. Que me alivie el corazÃ³n,1,100086,fede
"PRONOSTICO DOMINGO 09/12 CALIDO Y HUMEDO, NUBOSIDAD EN AUMENTO, BAJA PROBABILIDAD DE TORMENTAS AISLADAS EN LA TARDE, VIENTO LEVE DEL SECTOR NORTE ROTANDO AL SUR, LEVE ASCENSO DE TEMP. MAX 32Â° C.",0,65627,fede
"Por la lluvia, se derrumbÃ³ el techo de una escuela en Ipv ArgÃ¼ello. https://t.co/FOaThaCsR3 vÃ­a @tele8noticias",0,7359,fede
"Toda mÃ­ familia diciÃ©ndome que hay tipo un tornado en Huinca, y yo acÃ¡ sentada en la mitad del patio comiendo alto asado con los del complejo. Salud ğŸ¥‚",0,87189,fede
"Ya entendimos que nos va a partir un rayo, o si no nos parten ustedes BASTA",0,101554,fede
re esta para salir a correr con esta lluvia,1,93509,fede
"Que hermosos truenos escucho aunque los odio, pero que se largue yaaa",1,30939,fede
Uno queriendo ver la famosa lluvia de estrellas y el cielo estÃ¡ mas nublado que la abuela de Bruno,0,80582,fede
Emilia dice que desearÃ­a dormir abajo de la lluvia como la amo ğŸ˜,0,45709,fede
Mi papÃ¡ rescato del medio de la lluvia y las piedras  a una perrita preÃ±ada que estaba sÃºper asustada.PAPA SOS TODO LO BUENO DE ESTE MUNDO,0,36230,fede
Es increÃ­ble que con 20 aÃ±os no supere el miedo a los truenos,0,30887,fede
"Alarma de Lluvia - 20:10
https://t.co/K6Ux0kVl0n

Mm vs dsis https://t.co/kfnTXHdW0S",0,57378,fede
e loco que onda la tormenta en el barrio cayeron 3 gotas locas y por otros lados dicen que caÃ­a diluvios,0,93142,fede
"@Daymd2 Castillos, duendes, toman cerveza, llueve todo el aÃ±o. 
ParaÃ­so.",0,6911,fede
Jornada momentÃ¡neamente suspendida por lluvia â˜”ï¸â˜”ï¸â˜”ï¸ https://t.co/s6Blbs9EeH,1,50675,fede
"@elsinfilo La lluvia es bendiciÃ³n dicen, mientras no sea bendiciÃ³n con patitas todo es bienvenido jajajajaja.",0,81288,fede
@learobertazzo Que les caiga un rayo!!! ğŸŒ©ï¸ğŸŒ©ï¸ğŸŒ©ï¸â›ˆï¸â›ˆï¸â›ˆï¸â›ˆï¸ğŸŒªï¸ğŸŒªï¸ğŸŒªï¸âš¡âš¡âš¡âš¡,0,886,fede
Tormenta elÃ©ctrica en santa fe capital desde el octavo piso del hotel https://t.co/ZJG43j8fAn,1,71833,fede
Se viene una lluvia de mierda.,0,9017,fede
Calles anegadas y cortes de luz por la tormenta en ParanÃ¡ https://t.co/qHqmOJpf8E https://t.co/YLWLE1e276,0,21463,fede
Lpm...amo la lluvia pero porque un domingo a la noche?  Alta paja levantarse para ir a la escuela al otro diağŸ˜–,0,33997,fede
Ni llueve encima ğŸ˜‚,0,85381,fede
CÃ³mo amo los dÃ­as con lluvia,0,15812,fede
Hermosa lluvia para dormir abrazando la almohada,1,41802,fede
La lluvia no esta buena para las que estÃ¡n OperadasğŸ˜£,0,43221,fede
Yo soy la empapada lluvia.,0,83498,fede
"Lluvia de mierda, me moje todo cuando estaba caminando y ahora estÃ¡ saliendo el sol",1,93686,fede
"#HolaPavonArriba #Pronostico

LUNES 12 DE NOVIEMBREğŸŒ§â›ˆ

Nuboso.lluvias y tormentas (algunas localmente pueden superar los 40 mm). Viento del este (10 a 45 km/h con rÃ¡fagas) cambiando al norte hacia la noche. 
Temperatura mÃ­nima: 19Â° mÃ¡xima: 26Â° C
Humedad: de 90 % bajando a 60 % https://t.co/xP1bB93APG",0,22011,fede
Me voy a quemar un divertido pa esperar la lluvia entonces ğŸ™ˆ,0,71728,fede
"hola, queres venir a dormir siesta conmigo con el ruido de la lluvia de fondo?

enviar",0,59373,fede
#Tormenta https://t.co/v7MTj0HYDj,0,103943,fede
Si hoy llueve me re voy a Lotus ya fueeee,0,7668,fede
Que onda las minas que estan todo el tiempo tuiteando â€œquiero un chongo para dormir con esta lluviaâ€ â€œquiero un chongo para tomar birrasâ€ â€œquiero un novio para salir y hacer after juntosâ€ CULIA SALÃ A BUSCARTE UNO QUE EN TWITTER NO LO VAS A CONSEGUIR Y DEJA DE ROMPER LOS HUEVOS,0,57486,Melissa
No se habrÃ¡ olvidado alguien de subir foto del granizo? ğŸ˜²,0,46879,Melissa
"MÃ¡s ganas de lluvia y aire fresco por acÃ¡

Cielo cubierto y la posibilidad de que vuelva a llover, al menos por la maÃ±ana. AsÃ­ amanece  pero la nota la da el termÃ³metro, mucho mÃ¡s abajo que durante los... https://t.co/iOO3LkwlRj",0,48249,Melissa
Con lluvia igual se Sade https://t.co/NanY4SNrwM,0,58515,Melissa
"Creo que hoy mÃ¡s de uno jugÃ³ bajo la lluvia. 
ğŸ™‹ Me incluyo jajaj",0,104635,Melissa
Me meti a la pileta y estoy tomando sol. MaÃ±ana llueve,0,11626,Melissa
de regalo de cumple le pedi al barba una tormenta elÃ©ctrica,0,103593,Melissa
Que hermosura el sonido de la lluvia para dormir ğŸ˜ğŸ’›ğŸ’›ğŸ’›,0,49714,Melissa
Se viene la tormenta pero salgo igual...,0,104165,Melissa
A la verga que se viene tremenda tormenta,0,78952,Melissa
buen dia gamers dia especial para viciar pero cuiden sus pcs con la lluvia que la fuente mas barata certificada esta como $800 jaja macri hijo de puu!!!,0,79401,mechi
Algo mejor que dormir escuchando la lluvia y el aire a 22?,0,3559,mechi
Salir de crocs con lluvia male sal,0,25636,mechi
Venirme a trabajar con esta lluvia y ver a mi novio que sigue durmiendo plÃ¡cidamente ME DIO BRONCA,1,96686,mechi
Para que no se preocupen estoy hablando de la lluvia en mi cumple no es que tengo una crisis psicÃ³tica pero igual siempre estoy cerca,0,38906,mechi
"Lluvia, Netflix y vos, no se pensalo.. ğŸ‘€",0,4876,mechi
por favor como me cago de miedo cuando llueve y hay viento a la vez soy literalmente un caniche,1,63702,mechi
Una tormenta en un vaso de agua.,0,82869,mechi
Lluvia y zamba. Que linda combinaciÃ³n. ğŸ’•,1,49040,mechi
58 mil rayos por segundo caen por lo menos y no sÃ© creo que me quede corto...,0,23265,mechi
#AHORA | Graniza en la capital provincial. Mandanos tu vÃ­deo desde donde estÃ©s. https://t.co/OOga1AkxLt,1,67594,mechi
QuerÃ©s ver la lluvia de meteoritos conmigo @santi_pieroni ?   âœ¨ğŸŒ  https://t.co/AtiRntdUOq,0,81127,mechi
Alguien me explica en que momento se vino esta terrible tormenta?,1,55127,mechi
"Domingo de lluvia para mirar Netflix. Ah no, no tengo internet",1,99323,mechi
Si no te parte un rayo te parto al medio yo,0,3961,mechi
Se viene la lluvia ğŸŒ§,1,97079,mechi
Al fin paro la lluvia..!,1,37222,mechi
La lluvia complicÃ³ la final del Turismo Carretera (9-12-2018) Carburando... https://t.co/4nB1E3wywu vÃ­a @YouTube,1,66185,mechi
Oriente Medio se llena de â€˜desiertos de lodoâ€™ por las intensas lluvias https://t.co/iJohmtzp49,1,56255,mechi
Y si eso pasa voy a salir afuera unicamente para sacarme las ganas de dar vueltas en un tornado https://t.co/PyLujOG7mK,0,24080,mechi
"@luchoriverolmc JAJAJAJAJA creo que para la ron ron balu tambiÃ©n dijeron que no se suspendÃ­a por lluvia, y todos sabemos que paso despuÃ©s ğŸ¤£",0,96726,mechi
Que linda lluvia xd,1,43773,mechi
"SalÃ­ para ver si estaba la lluvia de estrellas y estaba nublado, puede fallar",0,76885,mechi
Ahora en la madrugada del 13 y 14 estÃ¡ la lluvia de estrellas y si no se desnubla voy a tener que empezar a matar rehenes,0,78920,agus
"Me tome la tarde hoy aprovechando la lluvia. Hice pizzas caseras, milanesas, quipe, un budÃ­n de pan y ensalada de frutas . Que amor le tengo a la cocinaâ™¥ï¸",1,12609,agus
ESTA LLOVIENDO AL FIN LA PUTA MADRE COMO TE AMO LLUVIA COMO TE AMO OLOR A TIERRA MOJADA,1,93514,agus
Lluvia de mÃ­ vida ğŸ˜ğŸ˜ğŸ˜,1,51106,agus
Linda lluvia,1,69919,agus
"Acabo de leer que a partir del '97 sos centennial, rayos voy a tener que cambiar mi identificaciÃ³n por un aÃ±o",0,98280,agus
Llegue al gym y ya me estoy arrepintiendo. Como no me quede a dormir con esta hermosa tormenta ğŸ™…,1,31204,agus
Ni loca me como el viaje en moto con esta lluvia!!!!,1,94286,agus
Le dije a mi papÃ¡ â€œSi le saco una foto a un rayo me das 100 pesos y me haces tortas fritasâ€ y acÃ¡ estoy con 100 pesos y Ã©l cocinÃ¡ndome https://t.co/eD09ZBpvSJ,0,92536,agus
Como hago para levantarme de la cama e ir a la escuela con esta lluvia Yahoo respuestas,1,51717,agus
Que onda esta tormenta,1,103356,agus
"Me fui a particular y me agarrÃ³ la lluvia, lleguÃ© empapada, salÃ­ de ahÃ­ y me caÃ­ al barro culpa de los gomones, lleguÃ© a mÃ­ casa y no hay nadie me dejaron afuera. Â¡Hermoso mÃ­ jueves!",1,91789,agus
Me falta tu compaÃ±Ã­a para ver la tormenta elÃ©ctrica ğŸ˜ğŸ˜,1,35326,agus
"Pinta ver una peli y esperar a que venga la tormenta 
 ğŸ˜",1,73103,agus
"Datos actuales en #SantaFe
Barrio ColastinÃ© Norte:
T: 15.3Â°C
H: 70%
ST: 15.3Â°C
P: 1020.6hpa
Lluvia hoy: 0.0mm",0,61969,agus
"no soy de tener miedo por un trueno un rayo o algo, pero hoy ahora en mi pieza fumando tengo mÃ¡s miedo que nunca, sopla el viento y yo ya flashie 5 veces me dieron 2 paros cardÃ­acos y un acb",1,72143,agus
CÃ³rdoba capital con tormentas por el momento y actividad elÃ©ctrica .@ChGaravaglia @SMN_Argentina https://t.co/DtlhcCOb3B,1,32864,agus
"@marce_s14 @magariovero @mariuvidal En LM hay en promedio 1 asesinato cada 2 dÃ­as. Es responsable de eso y de generar pobreza y sostenerla. De que cada vez q llueve, la gente se inunda. De hacer vivir a los vecinos en la marginalidad y robÃ¡ndoles la dignidad. Y puedo seguir, xq lamentablemente, la lista es larga.",0,104266,agus
La parte fea es llegar a mi casa y acostarme sola con esta tormenta,1,3211,agus
"#VillaMaria 02:00 hs | Temp 21.3Â°C Min=21.3Â°C (01:59) Max=23.8Â°C (00:00) | Hum.63 | Viento 8.6 km/h N, Pres.988.8 hpa Lluvia   0.0 mm",0,95751,agus
Sos la lluvia de mi Pink Floyd.,0,17419,agus
Que lluvia de mierda,1,40181,agus
MaÃ±ana a las 6 sino llueve lpm ğŸ˜¬,1,78552,agus
Lo mejor de hoy era la pesca y otra vez la lluvia la cago,1,60487,agus
Que lindo voy a dormir escuchando la lluvia ğŸ˜.,1,50104,agus
Se viene la lluvia me parece haha,1,9973,agus
"Ayer con la humedad y lluvia de mierda tuve que ir hacer tramites al infierno, o sea a capital, y mi pelo quedÃ³ asÃ­ https://t.co/hjULOxnKO7",1,70802,agus
"19h ClimaRafaela: Temp. 33.4 Â°C, Hum. 56 %, Bar. 986.9 mbar, Lluvia 0.5 mm, Viento 8.6 km/h NE #Weathercloud",0,69440,agus
"No entiendo de que rayos la gente estÃ¡ hablando, felipa en la plazağŸ¤”",0,97300,agus
"Dia de tormenta ideal para venir a visitar a tus viejos, justo en la noche...",1,24105,agus
CÃ³mo verga me vuelvo a mi casa con esta lluvia culia,1,12693,agus
"Yo no se ustedes pero realmente me preocupa que durante meses no cayÃ³ ni UNA gota. Sequia en casi todo el paÃ­s y ahora ya van 2 semanas que se llueve todo, tormenta elÃ©ctrica y viento fuerte. Estamos destruyendo literalmente el planeta.",1,25248,agus
â˜”â˜”â˜”â˜”â˜”â˜”â˜”âš¡âš¡âš¡âš¡â˜”â˜”â˜”â˜”â˜” llueve mucho a dormir mucha tormenta,1,26155,agus
Acabo de sentir el trueno/terremoto mÃ¡s raro de la vida... Me temblÃ³ hasta el ocote ğŸ˜±,1,18162,agus
El abuelo que se emocionÃ³ hasta las lÃ¡grimas cuando su nieto lo rescatÃ³ de la lluvia https://t.co/9h9TSrJRAB,0,98537,agus
"Ahora ã€‹#RÃ­oArrecifes 
â€¢     â€¢     â€¢
#ArrecifesMeGusta #lluvias  #crecida en Arrecifes, Argentina https://t.co/8Ebf5oOlQK",1,78107,agus
Ahora lluvia tambiÃ©n la naturaleza me ama,1,16867,agus
Q hermosa lluvia para dormir con vos!!!,1,76252,agus
AsÃ­ llegaba la #Tormenta a #Rosario @DARIOGURVICH @leodelga2 @OmarTopino @EmaIbarlucea @SMN_Argentina https://t.co/VFyLgqcTyW,1,42896,agus
"Soy re torpe caminando, imagÃ­nate con lluvia y paraguas",1,47228,agus
Grax lluvia,1,22086,agus
La lluvia nos pego un oleee,1,86183,agus
Ya me habÃ­a olvidado de como era un rayo y el sonido,0,15145,agus
Quiero que vuelva la lluvia. PERO NO EL SÃBADO. Por favor,1,42585,agus
"Lluvia te amo, truenos te odio â˜”ï¸ âš¡ï¸",1,104146,agus
Soy tan fan de las tormentas elÃ©ctricas ğŸ˜,1,106528,agus
"Otra historia de mi abuela bruja: hoy la llame para que corte la tormenta de potrero y me dijo que estaba justo yÃ©ndose en remis al mÃ©dico, a los minutos me manda este mensaje y LES JURO QUE SE FUE LA TORMENTA ğŸ˜‚ https://t.co/Wq92axnCHS",0,104102,agus
"@VictoriaBonutti @valesanchez2407 Si para amiga voy, mi moto es una verga cuando llueve",1,68737,agus
Llueve y hace el triple de calor,1,96468,agus
"Acostarnos y escuchar como llueve

Eso necesito",1,77275,agus
"Son las 07:00 y llueve que bien, no tengo mÃ¡s faltas que mal.",1,31397,agus
Mi mamÃ¡ me va a matar cuando llegue y vea que hace un rato puse a lavar las toallas y llueve que da ascoğŸ™ƒ,1,93113,agus
"Datos actuales en #SantaFe
Barrio Candioti Norte:
T: 25.0Â°C
H: 54%
ST: 25.0Â°C
P: 1008.8hpa
Lluvia hoy: 0.0mm",0,47640,agus
me voy a quedar despierto solo para ver la lluvia de estrellas,0,74097,agus
"@sergioVillone Carlos vota telepÃ¡ticamente. Tiene superpoderes, destruyÃ³ Rio3 con un rayo de corrupciÃ³n.",0,41904,agus
"#VillaMaria 13:00 hs | Temp 28.0Â°C Min=13.1Â°C (05:03) Max=28.0Â°C (12:58) | Hum.24 | Viento 25.6 km/h N, Pres.989.0 hpa Lluvia   0.0 mm",0,38596,agus
"Recordatorio para los dÃ­as de lluvia, no cruzar la calle saltando ğŸ˜‚",1,25922,agus
Si viene de arriba solo a un rayo le temo...,0,11129,agus
Que linda lluvia que siga hasta las 7:30,1,23090,agus
Que mierda hago ahora que llueve?,1,85234,agus
QuÃ© bella es la lluvia,1,28857,agus
Se multiplican por 1000 las ganas de quemar  con dias de lluvia,1,30286,agus
"#RosarioAR LUNES 26: ğŸ”»14ÂºC ğŸ”º23ÂºC
â›ˆ MaÃ±ana: Probables neblinas. Cielo parcialmente nublado a nublado. Probabilidad de tormentas aisladas. Vientos leves del noreste. 
ğŸŒ¥ Tarde/Noche: Cielo nublado a parcialmente nublado. Vientos leves del sector este.",1,49244,agus
Las lluvias dejaron algunos anegamientos y daÃ±os en el maÃ­z por el granizo https://t.co/FzNc5vaiGX lluvias dejaron algunos anegamientos y daÃ±os en el maÃ­z por el granizo,1,32437,agus
"â˜”AtenciÃ³n! Lluvia sobre #Rosario! ""Light Rain"" temperatura actual 22 C https://t.co/ijJMe9yJGI",1,2607,agus
"Mi papÃ¡ saliÃ³ anoche a las 2 am en medio de la tormenta y llegÃ³ reciÃ©n (20:46) despuÃ©s de trabajar muchas horas. En un rato se vuelve a ir de nuevo porque la tormenta dejo muchos hogares sin techo, Ã¡rboles caÃ­dos, etc. Realmente se merece lo mejor",1,88856,mechi
@nicolacido @KentArgentina Bueno. Llueve a cada ratito.,1,70836,mechi
"Siempre que se inauguran las colectividades llueve, pero es fija que siempre pasa!!",0,10685,mechi
"Gente, ya todos estamos viendo la tormenta, no es necesario las fotitos jajajajajajajaja",1,16471,mechi
Padre sale abajo de la lluvia a sacarle fotos a mi mama cuando pase por el viaducto corriendo por la maraton. Yo a mi ex le tenia que pedir 90 veces q me acompaÃ±e a la parada para q no me violen/roben/etc. Nunca acepten menos q el primer ejemplo. N u n c a.,0,2219,mechi
"quiero ir al colegio maÃ±ana pero seguro llueve y mi mamÃ¡ me da la opciÃ³n de faltar. y chau posta me puede mi cama, asÃ­ que ma no me dejes faltar",0,33300,mechi
Hermosa lluvia.,1,86434,mechi
"Estoy empezando a extraÃ±ar, me puede partir un rayo xfa",0,3045,mechi
@TDLtiempo Hola! Somos el equipo de RELAMPAGO EducaciÃ³n. Estamos recolectando informaciÃ³n sobre eventos severos ocurridos en la Argentina como parte del proyecto #RELAMPAGO2018 Tienen informaciÃ³n de los autores del video?,0,26271,mechi
Aguanta 10min tormenta,1,77867,mechi
No me van negar que el dÃ­a es mÃ¡s lindo cuando llueve,0,46706,mechi
"Despertarme con vos, por los rayos del sol â™¥ï¸ğŸ”¥",0,67065,mechi
@JulietaMacagno Obvio! Me pasÃ³ por suerte una sola vez jaja despuÃ©s se lo di a mi hermano y me dice: che quÃ© onda el apunte? Lo agarrÃ³ la lluvia? Si supiera... ğŸ˜‚,0,37874,mechi
"""En estos dÃ­as ,o se ha visto a ningÃºn periodista en los medios militando la inundaciÃ³n como en 2015"" #Ahora @CFKArgentina  en #CLACSO",0,39058,mechi
@_florenciamoyaa La calma antes de la tormenta ? Ajajajaj,0,98231,mechi
"Llueve y sale el sol, jajaja ni loco el tiempo",1,92786,mechi
Por mi que te parta un rayo ğŸŒ©,0,39132,mechi
Esta lluvia y mi novio trabajandoğŸ˜”ğŸ‘ğŸ‘ğŸ‘,1,43427,mechi
"Ligue 1: Saint Ettiene 3 (Robert BeriÄ‡ 72' Wahbi Khazri 84' ThimothÃ©e Kolodziejczak 90') Nantes 0, La Liga: Rayo Vallecano 1 (AdriÃ¡n Embarba 53') Eibar 0, @premierleague: Cardiff City 1 (Aron Gunnarsson 65' Junior Hoilett 77') Wolverhampton 1 (Matt Doherty 18')",0,55163,mechi
Si hay algo mas lindo que un domingo en cba con esta lluvia no quiero saberlo â¤,1,1279,mechi
Bueno ya estarÃ­amos con la lluvia y los truenos no puedo escuchar la serieğŸ™„,1,73742,mechi
"Pues ya asoma el frente de las lluvias, las nieves y el viento de maÃ±ana. https://t.co/63bvlEQYbr",1,81362,mechi
Me tiene podrido la lluvia men.,1,12923,mechi
@Meli42309284 ya veo otro 31 que nos estÃ©n corriendo  los rayos ahre,0,97282,mechi
AcÃ¡ le ponemos onda a la lluvia! Estamos pensando en todo para darte lo mejor... Se viene la Ã©poca de celebraciones de amor y acÃ¡ le ponemos todo! #bodasoÃ±adasâ€¦ https://t.co/A6cPZK4ScT,0,28854,mechi
@Julietzapata JAJAJAJAJAJA todavÃ­a seguÃ­a peleada rayos pensÃ© que se te iba a pasar,0,95317,mechi
"@jorulo3233 Pues poder se puede , q la lluvia no nos amargue el dÃ­a ğŸ˜˜",1,9835,mechi
@GabrielaInglese Vengo desde CBA por el talar...llueve a dos manos.,1,9850,mechi
"Datos actuales en #SantaFe
Barrio Sgto. Cabral:
T: 19.7Â°C
H: 90%
ST: 19.7Â°C
P: 1009.0hpa
Lluvia hoy: 0.0mm",0,47664,mechi
"Dia de lluvia ,paragua",1,45604,mechi
DATOS 07:00HS - TEMP 17.4Â°C - HR 92%-  PRESION 966.9Hpa - VTO S 12Km/h - NUBLADO - VISIBILIDAD 8 KM REDUCIDA POR LLUVIA DEBIL,0,83274,mechi
"@piaabianchi @lluvia Mira, maÃ±ana nos juntamos y te hago tortas fritas, tenes ganas?",0,26619,mechi
Puto frÃ­o  puta lluvia puto todo ğŸ˜Š,1,41271,mechi
Llueve ????,0,101505,mechi
El pueblo entero pide por vos y que pare esta lluvia @MarioPereyra_ok,1,92085,mechi
"@Evee1889 Tomar lluvia jajajajajaja, decimos para hacer algo y sale mal",0,55894,mechi
"3h Agvnet CDU: Temp. 19.4 Â°C, Hum. 78 %, Bar. 1002.8 hPa, Lluvia 0 mm, Viento 20.9 km/h NE #Weathercloud",0,38407,mechi
Ya me esta cansando la lluvia!!! ğŸ˜’,1,62780,mechi
"Que lindo que se te inunde toda la casa cada vez que llueve. DecÃ­ que hoy me espera un dÃ­a cortito, dije nunca en mi vida.",1,71234,mechi
"4h Agvnet CDU: Temp. 23.4 Â°C, Hum. 80 %, Bar. 996.1 hPa, Lluvia 0 mm, Viento 3.6 km/h N #Weathercloud",0,43000,mechi
"El tiempo #en Santa Fe:
Barrio Constituyentes
T: 21.3Â°C
H: 59%
ST: 21.3Â°C
P: 1012.5hPa
Lluvia hoy: 0.0mm.",0,48953,mechi
"@Dolphineeeee Va con la gorrita,eso te frena de un impacto de rayos UV",0,39389,mechi
"ğŸ‰ğŸŠ #Rosario La Fiesta de #Colectividades ratifica su masiva convocatoria. Hoy se desarrolla la Ãºltima jornada. HabrÃ¡ desfiles y se presentarÃ¡ ElÃ­as Rampello.  ğŸ“ @afucaraccio 
@MuniRosario @laochoam830 
https://t.co/QoANK9uHeD",0,38744,mechi
Bien piola esta lluvia,1,23549,mechi
Noche de tormenta en Cba! Ilegal dormir sola una noche asi...,1,56597,mechi
Se viene su tormenta,1,35909,mechi
el pelotudo de mi novio me prometio que si le rascaba me iba a comprar chocolates y ahora no va â€œxq llueve muchoâ€ morite chau,1,27183,mechi
Eliminame bloqueame todo lo que vos quieras pero me enviaste tus nude y desnude no hay. Para... rayos ğŸ¤¦,0,98061,mechi
"La lluvia de estrellas es como un mensaje del que me gusta,no va a llegar nunca",0,73529,mechi
"NO DIOOOOOS SE BAJO UN VAGO DIOS 
LA BARANDA QUE TENIA VIEJO BAÃ‘ATE MINIMO CON LA LLUVIA LPM QUE OLOR LA CONCHA DE TU HERMANA",0,16447,mechi
Semana de lluvias que mejor que un paraguas para refugiarnos....  https://t.co/4FyKfLWzQ9,1,38772,mechi
"Se viene la tormenta, chau punto y chau clasico me parece ...",1,11137,mechi
Amo este dÃ­a de lluvia para hacer todo lo que me gusta hacer!!,1,16151,mechi
Uuuy se les inundÃ³ la calle?? JAAA..Sufran lo que yo sufro siempre que llueve caretas,0,104414,mechi
q placer escuchar los truenos,1,32867,mechi
Adentro llueve y parece que nunca va a parar ğŸ˜“,1,106664,mechi
"#VillaMaria 11:00 hs | Temp 24.7Â°C Min=14.7Â°C (06:08) Max=24.7Â°C (10:35) | Hum.40 | Viento 7.2 km/h N, Pres.990.1 hpa Lluvia   0.0 mm",0,59278,mechi
mundo basta de truenos,0,35791,mechi
Lluvia los domingos es seÃ±al de que me voy a deprimir,0,35881,mechi
"@SolChaa1 HarÃ© el intento, pero si llueve me quedo en casita sorry querida sol",0,81476,mechi
"18h ClimaRafaela: Temp. 35.4 Â°C, Hum. 26 %, Bar. 997.1 mbar, Lluvia 0 mm, Viento 8.6 km/h SE #Weathercloud",0,64308,mechi
"9h ClimaRafaela: Temp. 25.6 Â°C, Hum. 59 %, Bar. 1004.3 mbar, Lluvia 0 mm, Viento 1.4 km/h SE #Weathercloud",0,95549,mechi
aaa me puse manija de joda y le dejÃ© toda mi ropa a mi prima RAYOS,0,39222,mechi
"âš ï¸Tormentas fuertes
Lluvias y tormentas afectaran la zona durante las prÃ³ximas horas, algunas presentando fuerte intensidad siendo acompaÃ±adas fundamentalmente por abundante caÃ­da de agua en cortos perÃ­odos, rÃ¡fagas, intensa actividad elÃ©ctrica y ocasional caÃ­da de granizo.",1,1037,mechi
tornado en sta fe keeee ondaaaa,1,27435,mechi
"Para todos los q piteaban x la lluvia, fue lo mejor",1,108120,mechi
Tercer lunes que llueve ğŸ¤¦ğŸ»â€â™€ï¸,1,33296,mechi
La lluvia atenta contra mi probabilidad de aprobar finales,0,28681,mechi
"2150, rayos https://t.co/ThjZw403cT",0,97443,mechi
"No es la tormenta que truena, no es la tormenta que relampaguea, ella es tu novia la que te gorrea ğŸ™†ğŸ»â€â™‚ï¸â›ˆ",0,25533,mechi
"Lluvia chota, nos cagÃ³ la salida",1,103691,mechi
"CrÃ³nicas de una tormenta: el tendedero caÃ­do, la ropa tirada, una reposera rota, un bidÃ³n de agua en el patio, un molino metido en el limonero y una maceta del patio de atrÃ¡s en la entrada, toda rota. Tampoco tenemos internet y cable ğŸ™ƒ",1,109669,mechi
"#VillaMaria 16:00 hs | Temp 22.9Â°C Min=20.1Â°C (05:57) Max=23.6Â°C (14:30) | Hum.94 | Viento 8.6 km/h E, Pres.999.0 hpa Lluvia  59.8 mm",0,19864,mechi
Lpm que hermosa es nuestra naturaleza!!!!!! Que cosa magnÃ­fica ver los rayos en el cielo ğŸ˜ğŸ˜ğŸ˜,1,63828,mechi
Mira @AngeldebritoOk como cuida sus lugares de la lluvia ajaja Micaela te amo @MicaViciconte https://t.co/F1iPhdUOTy,0,2571,mechi
lluvia forra para que me aburro y quiero hacer algo hija de puta,1,4018,mechi
"Hermosa lluvia como para faltar, a no cierto tengo prueba de filosofÃ­a",1,46504,mechi
"Que lindo se siente la lluvia en mi pieza, pero hoy mi acompaÃ±ante me fallÃ³ ğŸ˜Ÿ",1,24395,mechi
"Fooo loco, recen para que pare la lluvia, que tengo que ir a una pelu",1,52632,mechi
No llueve No llueve No llueve No llueve No llueve No llueve No llueve No llueve No llueve No llueve.,1,7185,mechi
Tenemos lluvia para rato,1,28380,mechi
Y si llueve??? https://t.co/fSppD3PXsp,1,105593,mechi
La lluvia y una obra paralizada formaron una laguna que dejÃ³ aislados a los vecinos de Paso la Picada - (https://t.co/PAS1x1py3e),1,89961,mechi
"#RosarioAR VIERNES 14: ğŸ”»20ÂºC ğŸ”º27ÂºC
â›ˆ MaÃ±ana: Tormentas aisladas
â˜ Tarde/Noche: Mejorando
https://t.co/BlJAuvzFjC",1,78372,mechi
"Este aÃ±o rompi 5 veces la pantalla del celular, llueve sopa y salgo a la calle con un tenedor",0,53797,mechi
Algo mas lindo que dormir con lluvia?,0,26087,mechi
Amo los dias de lluviağŸ’š,0,28118,mechi
AMO CAMINAR BAJO LA LLUVIAâ¤ğŸŒ§,0,91915,mechi
No es aÃ±o nuevo sin lluvia,0,108220,mechi
Creo q lo mas lindo fue ver la lluvia de estrellas con mis amigas,0,71759,mechi
"El tiempo #en Santa Fe:
Barrio Constituyentes
T: 29.9Â°C
H: 61%
ST: 29.9Â°C
P: 1001.8hPa
Lluvia hoy: 0.0mm.",0,95830,mechi
Me despertÃ© hoy por la tormenta y ahora por un vecino gritando VAMOS boca. Buen dÃ­a,0,935,fede
Densa la lluvia,1,1590,fede
QUE LINDA TORMENTA SE VIENE,0,93264,fede
El viento fresco con lluvia ğŸ˜ğŸ˜,0,7009,fede
Hola querÃ©s que hoy a las 2 am  vayamos a cualquier lugar a ver la Lluvia de estrellas juntxs  ? ğŸŒŒğŸ¤”,0,79898,fede
Que cosa linda estar tirada en la cama escuchando como llueve ğŸ˜Š,1,4557,fede
Con lluvia y vos ahrrrrr,0,14686,fede
Lo mÃ¡s lindo de esta lluvia que tengo la compaÃ±Ã­a de LeonelğŸ˜,1,14193,fede
Que hermoso es entrenar con lluviağŸ˜,0,11702,fede
"Triunfo de Pechito bajo la lluvia en China
https://t.co/Pg70woPANO

El Toyota nÃºmero 7 de JosÃ© Maria LÃ³pez, Mike Conway y Kamui Kovayashi fue el vencedor de las 6 Hs de Shanghai por delante del otro auto del equipo, en una carrera epica bajo la lluvia que fue interrumpida... https://t.co/69VfXpqvPs",0,39105,fede
No lo uso y de pedo lo usan para llevarme a la escuela los dÃ­as de lluvia ğŸ¤·ğŸ¼ https://t.co/jTmkPKcCap,0,58264,fede
"@JereDepetris Que verga, era joda y se lo tomo a pecho la lluvia",0,5082,fede
"2.800.000 mÃ¡s de pobres en un aÃ±o...culpa de una tormenta de mierda 
#PobrezaCero un chamuyo mÃ¡s de este gobierno nefasto.
#UCA",0,79498,fede
"Gracias lluvia, pero hoy no te necesito",1,79709,fede
Con esta lluvia estÃ¡ solo para mates y tortas fritas!! ğŸ¤¤ğŸ˜‹ğŸ˜Š,1,47113,fede
El desopilante relato de una tormenta en CÃ³rdoba https://t.co/Tdw1a2297n https://t.co/YshnkAeK8K,0,59956,fede
"Lo que me faltaba, que me agarre la lluvia de short. Buen lunes hente",0,86579,fede
"#AÃ‘ONUEVO #AVISOS

HASTA EL MOMENTO puede haber lluvias en el norte del paÃ­s el dÃ­a 31, el centro y sur tendrÃ¡ un despejado (31).
El 1ero habrÃ¡ tormentas aisladas en el centro y norte del paÃ­s, bastante inestable.
Las temperaturas serÃ¡n de templadas a calurosas.

PROX ACT: 28/12. https://t.co/nysC1tqXSJ",0,96542,fede
"Vivir en piso 10 con esta tormenta no se lo deseo a nadie, los tkm",1,72442,fede
"#SantaFe @SantaFeCiudad datos de lluvia caÃ­da hasta las 22.30. En el Palacio Municipal 40,75 mm; Alto Verde 36,75 mm; en el Hospital de NiÃ±os 40,25 mm y en el CIC de Facundo ZuvirÃ­a 48,50 mm. A las 3.05 se registraron las rÃ¡fagas de viento mÃ¡s fuerte: 56.1 km/h. del sector SE",0,24454,fede
"Datos actuales en #SantaFe
Barrio Candioti Norte:
T: 25.3Â°C
H: 69%
ST: 25.3Â°C
P: 1005.9hpa
Lluvia hoy: 0.0mm",0,95856,fede
DespuÃ©s de la tormenta siempre sale el sol!! ğŸ˜Š,0,70100,fede
Espero que esta noche la tormenta no me decepcione.,0,41203,fede
"@metromedio llueve de ""ella es tan cargosa"" @sebastiancodex",0,93034,fede
Esta tormenta mi amorrrrrrrğŸ˜ğŸ˜,0,70601,fede
"Llueve JUSTO cuando tengo que salir, esa suerte",1,16834,fede
"caminÃ© abajo de la lluvia 15 cuadras para venir a tomar el colectivo, me vine en crocs para no mojar las zapatillas, me resbalÃ©, y me caÃ­, y encima, lleguÃ©, y se me pasÃ³ el colectivo jajaja
 todo por amorğŸ˜¬â™¥",0,83314,fede
Q lindo verlo todo cagado porque se le viene la tormenta feminista encima â¤ï¸ Me hizo el dÃ­a ğŸ™ƒ https://t.co/YwfyD3yiRS,0,62561,fede
"Cierro mi pieza con llaves porque mi hermano me roba indumentaria por ende nadie puede entrar a cerrar la ventana que deje abierta, la inundacion que debe haber ni quiero saberlo.",0,47287,fede
Esta lluvia culiada no quiere parar...,1,85246,fede
El aire y el ruido de la lluvia me vuelvo loca,1,29003,fede
"@FiammaIrrazabal Y terrible tormenta se viene, eso sÃ­ que es ser salada ğŸ™…â€â™€ï¸",0,40512,fede
@Nicorojas000 DÃ­a soleado con una mÃ¡xima de 33Â°c Y con poca probabilidad de lluvia,0,67217,fede
"#VillaMaria 23:59 hs | Temp 23.2Â°C Min=19.1Â°C (04:10) Max=34.7Â°C (15:39) | Hum.54 | Viento 6.1 km/h NO, Pres.990.5 hpa Lluvia   0.0 mm",0,95802,fede
"Tengo ganas de comer algo dulce,en mi casa no hay nadie y encima llueve para salir a comprar algo",1,84697,fede
@DanielAsturzzi Jaaaaaaaa preguntÃ© por la lluvia! La tormenta me da terror!!!! El viento los truenos! Todo!!!! Pero dormir con el ruido de la lluvia de fondo... glorioso!,1,5067,fede
Con lluvia y todo salimos primeras.!â¤ğŸ‘â¤,0,50354,fede
"â›ˆâ›ˆDATOS DE LLUVIA EN NUESTRA ZONAâ›ˆâ›ˆ
âœ…Franck 90 mm
âœ…Esperanza ciudad 32 mm
âœ…Felicia 25 mm
âœ…Gessler 50 mm
âœ…Humboldt 25 mm
âœ…Villa MarÃ­a 160 mm
âœ…Manucho La Turquina 8 mm
âœ…Progreso 7 Km al norte 6 mm
âœ…Sa Pereira zona rural 60 mm
âœ…CululÃº 5 mm
âœ…Cavour 20 mm",0,35983,fede
Me lloraba a los gritos y tenÃ­a q calmarlo y ahora creo q si me agarra un tornado ni le importa jajajaja asÃ­ son,0,89069,fede
Calmara la lluvia este desiertoğŸ¶,0,15502,fede
A mÃ­ perro le estaba dando miedo la tormenta y lo deje dormir en mi pieza. Se acaba de tirar un pedo que le vi la cara a Dios. 0 respeto por mi bondad,0,31644,fede
"No puede ser, pleno diciembre y toca 1 dÃ­a de sol, 2 de lluvia, 3 nublados, 1 de frÃ­o, 2 de sol, 5 de lluvia, 2 de carne, 5 de choclo, 5 de choclo, 2 de carne, 5 de carne, 9 de choclo, 1 de carne",0,90023,fede
Como que cuando llueve es automatico que siempre me tengo que ir a dormir,0,44824,fede
"Vos estÃ¡s linda siempre, con problemas y con ojeras. Aunque te pasen cosas feas, aunque la persona que querÃ©s no te quiera. Aunque seas un desastre por dentro y una tormenta por fuera. Vos estÃ¡s linda siempre, porque tus sueÃ±os no conocen fronteras.",0,63163,fede
Tormentas fuertes o severas en varias provincias del centro delÂ paÃ­s https://t.co/yzlLV7WLMe https://t.co/3uMKEWfCMs,0,70378,fede
Era perfecto el dia pero la lluvia lo arruino,1,106252,fede
"Le acabo de tirar el ""Rayo perinizador"" a mucha gente y vaya que estoy acertando.",0,42634,fede
"El tiempo #en Santa Fe:
Barrio Constituyentes
T: 24.5Â°C
H: 74%
ST: 24.5Â°C
P: 1002.1hPa
Lluvia hoy: 0.0mm.",0,1788,fede
Amo los dias de lluviağŸ™ŒğŸ½,0,78219,fede
Se viene linda tormenta y yo yendo a inscribirme a la facultad,0,93296,fede
"Si dormÃ­r es hermoso, imagÃ­nate con esta lluvia, y con vos",1,51523,fede
"Me pone de muy mal humor que estÃ¡ lluvia del orto me arruine los planes . 

ğŸ˜£",1,64858,fede
Que lindo volver caminando a mi casa con esta lluvia,1,18911,fede
"Me encantan las noches de lluvia, sobre todo cuando no trabajo al dÃ­a siguiente! LA perfecciÃ³n! https://t.co/naq5Vq23Vp",0,35086,fede
Noche de lluvia mas mates y raspaditas= felicidad,1,58086,fede
"Fotos tormenta 27 dic.18 .., sin filtro ..
Un regalo de la naturaleza...ğŸ˜ en Villa Trinidad, Santa Fe, Argentina https://t.co/cbAci5XsTm",0,105846,fede
QuÃ© lindo vientito y olor a lluviağŸ˜»,0,66022,fede
tres semanas que me agarra la lluvia. MaÃ±ana salgo con el paraguas y sol con 40 grados,0,58633,fede
Toda estÃ¡ semana esperando la ida y en Bs As llueve lpm,0,9563,fede
"#MiniVoley
Ayer el Mini le ganÃ³ a la lluvia y mas de 140 niÃ±os/as vivieron una hermosa jornada en CosquÃ­n. en CÃ³rdoba, Argentina https://t.co/QOUbCGEDwD",0,36344,fede
"Amigo como no les puede gustar estÃ¡s tormentas yo me re sentarÃ­a en el flotante a ver todos lo rayos, el viento, el agua.. es perfectoğŸ˜ğŸ˜",1,33126,fede
"Ayuda difuminar cicatrices, a eliminar pequeÃ±as imperfecciones o granitos, ademÃ¡s funciona como una barrera natural para proteger la piel de los rayos solares. AdemÃ¡s, la vitamina E es un espectacular antioxidante que protege las cÃ©lulas. #SEYTÃš

â€” SEYTÃš CosmÃ©tica (SeytuCosmâ€¦",0,44318,fede
Lluvia ğŸ˜,0,83924,fede
Que lluvia del orto espero que drene bien la bombonera,1,9472,fede
Que linda lluvia ...(seria un 10 la noche si estuvieras aca conmigo),1,13590,fede
"El crack de @nicofuelico con su guitarra en una tarde hermosa de lluvia que nos dio el seÃ±or, Que mas puedo pedir???",0,6586,fede
"Igual altas ganas de volver cuando estÃ¡bamos en pleno auge tipo 2013/2014, era andar todos los dÃ­as del aÃ±o por mÃ¡s viento, lluvia, hielo, frÃ­o que haya",0,87613,fede
"""a veces las lluvias solo mojan"" pensÃ³ el hÃ©roe del fuerte en esos aÃ±os. Salir de la tumba y no tener vocaciÃ³n a cualquier yugo que no fuera de caÃ±o.",0,30449,fede
Ni ganas de ir al colegio con esta lluvia,1,43163,fede
La siesta en el campo mÃ¡s la lluvia. Es algo Ãºnico ğŸ˜ğŸ˜,0,102406,fede
lluvia de estrellas male sal,0,78776,fede
"Lluvia ğŸ˜ y Siesta ğŸ˜
La Mejor CombinaciÃ³n ğŸ˜ğŸ˜",0,41265,fede
Que linda combinaciÃ³n lluvia + estudiar para rendir 4 dÃ­as seguidos como para cabecear una bala,0,30385,fede
"Robaron un moto en barrio JardÃ­n

Fue a cenar a la casa de su suegro, dejÃ³ la Honda Tornado afuera y se la sustrajeron.

https://t.co/DHfaDjFFa5",0,62374,fede
"Datos actuales en #SantaFe
Barrio Sgto. Cabral:
T: 25.7Â°C
H: 78%
ST: 25.7Â°C
P: 997.1hpa
Lluvia hoy: 42.8mm",0,20051,fede
Que hermosa lluvia para dormir â›ˆâ¤ï¸,1,24383,fede
Unas ganas de ver la lluvia de estrellas con un fernet en la mano.,0,88630,fede
Llueve lindo y mucho en CÃ³rdoba! Creo q la lluvia me viene persiguiendo y viajÃ³ conmigo Cba-NeuquÃ©n-RÃ­o Negro y a la inversa RÃ­o Negro-NeuquÃ©n-Cba,1,13100,fede
La vez que van a empezar llueve lpm,0,65883,fede
Truenos chotos,1,92739,fede
@omaarsoria volvamos a la tarantela de anoche bajo la lluvia,0,60579,fede
Lo bueno de toda esta lluvia que no vamos a correr en el gym https://t.co/ofPNj8COCQ,1,46535,mechi
"Â¡Odio el calor! Devuelvanme los dÃ­as grises, el frÃ­o y la lluvia por favor.",0,10420,mechi
ğŸŒ§ï¸NiÃ±o instalado hasta abril 2019 #Lluvias #CampaÃ±a1819 #maiz #soja https://t.co/O73hwJXaeC,1,94157,mechi
Buen dÃ­a viernes de tormentas en ParanÃ¡ https://t.co/8vxx4vbL5F,1,45156,mechi
Yo quisiera tomar sol como cualquier persona pero TRABAJO TODA LA TARDE Y LOS DOMINGOS QUE NO TRABAJO ESTÃ NUBLADO O EN SU DEFECTO LLUEVE,0,79564,mechi
Que lluvia puta,1,79292,mechi
@jeremiascalo No se indignan por la lluvia se indignan por las calles rebalsadas de agua por las NO obras pÃºblicas que hacen y nadie dijo que NO hay hambre en los km ğŸ¤”,0,1348,mechi
Lluvia que lindo ğŸ˜ğŸŒ§ï¸!!,1,90735,mechi
"Gente consejo:no agarrar descalzo nada que sea elÃ©ctrico, cuando hay tormenta. Pueden quedar como yo esta maÃ±ana. Saludos.",0,28869,mechi
"Gracias a Dios un poco de sol para tanta gente que la esta pasando mal por la lluvia. ğŸŒğŸŒ

Que tengan un hermoso dÃ­a. https://t.co/j22almyABz",0,36710,mechi
Dormirse escuchando la lluvia tendria que considerarse la octava maravilla del mundo.,0,53684,mechi
"Que sueÃ±o, lluvia dicen",0,53397,mechi
Por que ahora que tengo que ir a entrenar llueve? ğŸ¤¦ğŸ½â€â™‚ï¸,1,51155,mechi
mira quÃ© lindos rayos como para que me caiga uno en la frente,1,14480,mechi
"Despues de la lluvia siempre sale el sol, dicen!",0,90240,mechi
"18 cumpleaÃ±os con 40 grados y para mis 19 llueve, bueno gracias igual ni querÃ­a hacer joda",1,97788,mechi
"El tiempo #en Santa Fe:
Barrio Constituyentes
T: 22.8Â°C
H: 28%
ST: 22.8Â°C
P: 1016.9hPa
Lluvia hoy: 0.0mm.",0,38474,mechi
"Norte de San Luis.
Cien familias de Lafinur afectadas por los destrozos que provocÃ³ la tormenta. https://t.co/8sxuO67wGH",1,20759,mechi
Tranquila mama la tormenta pasarÃ¡â™ª,0,47827,mechi
"Ya se acercan los especiales de Lavecchia y no vi Planeta gol en todo el aÃ±o, rayos",0,59378,mechi
"@MuniCba Por favor , hace 15 dÃ­as despuÃ©s de la tormenta quedÃ³ BARRO en los desniveles de la calle, justo en mi frente. Los 3 viernes siguientes barren las calles del barrio y saltean Amancio Alcorta, cuadra del 3700. El barro se estÃ¡ pudriendo, mucho olor.",1,104427,mechi
"El clima parece mi estabilidad emocional, llueve un rato, sale el sol, y cuando menos lo esperas se larga con toda, asi sucesivamente",1,11563,mechi
"@lagarchetta ReciÃ©n pegÃ³ una lluvia tremenda pero cortita, en 10 minutos parÃ³",1,76134,mechi
"vola alto mi suru, la tranquilidad de saber que estas llegando en paz, que estÃ¡ lluvia sos vos dÃ¡ndonos esa tranquilidad que vas a estar en paz. vas a ser la estrella mÃ¡s brillante del cielo. hasta siempre flacoğŸ˜‡ğŸ’—",0,46091,mechi
Lo peor de todo no es esta lluvia... lindo calor se va a venir despues,1,96593,mechi
Y si venis y dormimos con la ventana abierta mientras llueve?,0,36200,mechi
esta tormenta es porque le mande algo a la Candela y ME RESPONDIÃ“,1,40424,mechi
"Y yo que iba ir a area, que linda lluvia",1,102412,mechi
"#VillaMaria 03:00 hs | Temp 23.3Â°C Min=23.3Â°C (01:08) Max=23.8Â°C (00:00) | Hum.92 | Viento 11.2 km/h NE, Pres.984.1 hpa Lluvia   0.0 mm",0,69606,mechi
Bueh... Todos escucharon un sÃºper trueno y yo ni ahÃ­!ğŸ¤”,1,85635,mechi
"Me gustarÃ­a tener un perro, solo para poder sacarlo a pasear a esta hora (con lluvia y td)",0,49487,mechi
Llueve... a mi me dan ganas de estar en tu cama y me quiero matar,1,53701,mechi
Que verga Ã©sta lluvia loco,1,24730,mechi
parecÃ­a que se iba a caer el cielo y ni arranco la lluvia :(,1,79152,mechi
La puta que te pariÃ³ lluvia culiada. Activo la casa de una .,1,108274,mechi
@pickyvod intenta poniendo sonidos de lluvia o cosas asi,0,53313,mechi
FanÃ¡tica de las tormentas.,0,47328,mechi
"#PronÃ³stico #CÃ³rdoba Jueves: MÃ­nima: 20Â°C/MÃ¡xima: 35Â°C, Tormentas, Prob. lluvias 100%; Viernes: MÃ­nima: 15Â°C/MÃ¡xima: 28Â°C, Parc. soleado, Prob. lluvias 100% . Hora: 21:00:02 #ClimaCordoba",0,71313,mechi
@KarennMorenoB TambiÃ©n escuchÃ© pero no sÃ© si era un trueno jaja,0,19319,mechi
"Que lindo ser imparcial, que te de lo mismo cualquier resultado y que ademÃ¡s la lluvia ponga en riesgo esta final entre dos equipos que viven cagando al resto de los clubes, se acomodan los arbitros, las fechas, los horarios...",0,9535,mechi
Uh se viene la verdadera tormenta q lindo siiiiiiii,1,8953,mechi
"12h Agvnet CDU: Temp. 34.2 Â°C, Hum. 37 %, Bar. 997.7 hPa, Lluvia 0 mm, Viento 5 km/h NNE #Weathercloud",0,42123,mechi
Quien puede dormir mal escuchando el sonido de esta lluvia ?? Amo ğŸ˜ğŸŒ§ï¸â›ˆï¸,1,14632,mechi
@juanbrnuevo venite a mi casa a ver la lluvia amor,0,80597,mechi
ğŸ˜‚ğŸ˜‚ğŸ˜‚ğŸ˜‚ğŸŒˆ el rayo gay lo fulminÃ³ https://t.co/aiivbeUGC4,0,10826,mechi
Alguien mas escucho el trueno mas groso de su vida en la madrugada?,1,86535,mechi
La fuckin' primavera y sus tormentas estilo apocalÃ­pticas ğŸ˜‘,1,6626,mechi
Producto de la lluvia una mujer de 73 aÃ±os protagonizÃ³ un accidente vial: La conductora del automÃ³vil Ford Fiesta fue trasladada al complejo sanitario San Luis. https://t.co/zlmve8K283 https://t.co/v3yWUEZPCz,1,89696,mechi
Por dios esos truenos lpm,1,64587,mechi
Chicos les voy a ir a poner una carpa a los gitanos en colectividades a ver SI ASÃ NOS DEJAMOS DE JODER CON TANTA LLUVIA QUE YO QUIERO BAILAR.,0,33276,mechi
"Esta lluvia, x dios",1,61099,mechi
"0h Agvnet CDU: Temp. 26.6 Â°C, Hum. 90 %, Bar. 990.8 hPa, Lluvia 0 mm, Viento 2.5 km/h SO #Weathercloud",0,98797,mechi
Boe tormenta cÃ¡lmate que no tengo ganas de irme abajo a dormir,1,72355,mechi
"#Frida dormÃ­ tranquila
Total llueve y no puedo lavar la ropa ğŸ˜‚ğŸ˜˜â¤ https://t.co/3fve8KBQLv",1,26646,mechi
Con esta lluvia ta para hacer de todo ğŸ¥°,1,75932,mechi
mi novio  se rÃ­e porque le tengo miedo a los truenos ğŸ˜­,0,2728,mechi
"Hola querÃ©s venir a casa el 13 y 14 de diciembre a mirar la lluvia de estrellas?

enviar",0,67195,mechi
@Emirchu Si aja a ver la lluvia de estrellas,0,70133,mechi
"@FranCiordia KEEE, oh rayos, que dije?? Ajajajaj",0,76985,mechi
Lluvia del orto,1,90580,mechi
mi tio santiagueÃ±o me invito a ver la lluvia de estrellas en el campo un genio se puso la 10 jajajajaj D:,0,59777,mechi
ğŸ‘‰Este  protector Solar en aerosol hidratante provee protecciÃ³n alta frente a los âš¡ï¸ rayos UV.  Su fÃ³rmula estÃ¡ enriquecida con Ã¡cido Hialuronico de origen natural . âœ”ï¸Textura acuoso âœ”ï¸Resistente al sudor ğŸ’¦ y al... https://t.co/m0zp3HxPWv,0,39355,mechi
"Anoche Vi una estrella fugaz de casualidad, porque ni me acordaba que era la lluvia de estrellas... Y me trajo tantos recuerdos de veranos pasados, horas y horas con amigos en el campo mirandolas â¤ï¸ğŸ’«",0,70640,mechi
Nada mas lindo que dormir una siesta con lluvia ğŸ˜,0,44710,mechi
Son casi la una y llueve. Necesito que vuelva a abrir el super asÃ­ me compro un pan dulce. Lo malo es que son tan vagos estos chinos que son las 12 y reciÃ©n aparecen.,1,12159,mechi
"No se dan una idea del miedo que tengo a viajar con tormenta y mi novio quiere que vaya. Chicxs, si me sucede algo, ya saben.",1,3996,mechi
La lluvia de bell ville se esta viniendo para acağŸ˜,1,94415,mechi
Linda tormenta se viene,1,75234,mechi
Tranquilo la tormenta pasarÃ¡ ğŸ¶ğŸ¤—,0,36332,mechi
"Queres ver la lluvia de estrella conmigo, mientras comemos boludeces y hablamos de la vida? 

-Enviar https://t.co/osmt3Q3R4s",0,59677,mechi
Que cosa linda las tormentas,0,76876,mechi
Se viene una lluvia re linda para dormir con vos,1,68175,mechi
"@Maite_centione ColguÃ© en entrar a twitter, rayos",0,24161,mechi
"Miren como llueve y yo tengo que ir a trabajar, que feo es crecer",1,96841,mechi
"Otro Nacional en mardel, otra vez que hace frÃ­o y llueve ğŸ˜ŸğŸ˜”",1,19324,mechi
Que piola estan los truenos,1,9532,mechi
Lluvia me tenÃ©s los huevos como dos paquetes de yerba!,1,34576,mechi
Rayos ğŸ˜‘,0,36354,mechi
CÃ³mo estÃ¡ la lluvia he ğŸ‘Œ,1,71936,mechi
Si maÃ±ana llueve asÃ­ a mariachi le mando dos besitos,1,10374,mechi
Con esta lluvia estÃ¡ para re pollerear juntos castaÃ±a (re que ni la caza seguro),1,45835,mechi
@lacapital Xq la Municipalidad no paga los daÃ±os que se hicieron en mi casa con la inundaciÃ³n ???,1,85013,mechi
tormenta de facha quisiste decir? jajaja https://t.co/qvbHE3AL7Q,0,47903,mechi
Alta tormenta y yo en la escuelağŸ˜£,1,45321,mechi
Pero que hermoso dÃ­a de lluvia para dormirlo completo â™¥ lÃ¡stima que tengo que seguir estudiando ğŸ˜¢,1,75796,mechi
