,Unnamed: 0,Unnamed: 0.1,Unnamed: 0.1.1,Unnamed: 0.1.1.1,Unnamed: 0.1.1.1.1,Unnamed: 0.1.1.1.1.1,Unnamed: 0.1.1.1.1.1.1,Unnamed: 0.1.1.1.1.1.1.1,Unnamed: 0.1.1.1.1.1.1.1.1,Unnamed: 0.1.1.1.1.1.1.1.1.1,Unnamed: 0.1.1.1.1.1.1.1.1.1.1,Unnamed: 0.1.1.1.1.1.1.1.1.1.1.1,Unnamed: 0.1.1.1.1.1.1.1.1.1.1.1.1,Unnamed: 0.1.1.1.1.1.1.1.1.1.1.1.1.1,Unnamed: 0.1.1.1.1.1.1.1.1.1.1.1.1.1.1,Twit,Tag,Num,Nombre
0,0.0,0.0,0.0,0.0,0.0,0.0,0.0,0.0,0.0,0.0,0.0,0.0,0.0,0.0,0.0,Esta lloviendo,1,,
1,1.0,1.0,1.0,1.0,1.0,1.0,1.0,1.0,1.0,1.0,1.0,1.0,1.0,1.0,,quiero ir al centro a la ma√±ana pero seguro llueve jajajajaja,0,41082.0,
2,2.0,2.0,2.0,2.0,2.0,2.0,2.0,2.0,2.0,2.0,2.0,2.0,2.0,2.0,,"@paloma_CAI7 Si, llueve y mucho !! üòí",1,86721.0,
3,3.0,3.0,3.0,3.0,3.0,3.0,3.0,3.0,3.0,3.0,3.0,3.0,3.0,3.0,,@rozalazar9 Si llueve les hago ü§ó,0,107171.0,
4,4.0,4.0,4.0,4.0,4.0,4.0,4.0,4.0,4.0,4.0,4.0,4.0,4.0,4.0,,Hasta cu√°ndo le voy a seguir teniendo miedo a las tormentas? üôÑüò£,0,57648.0,
5,5.0,5.0,5.0,5.0,5.0,5.0,5.0,5.0,5.0,5.0,5.0,5.0,5.0,5.0,,"13h ClimaRafaela: Temp. 20.9 ¬∞C, Hum. 48 %, Bar. 1010.1 mbar, Lluvia 0.2 mm, Viento 10.4 km/h SSO #Weathercloud",0,59046.0,
6,6.0,6.0,6.0,6.0,6.0,6.0,6.0,6.0,6.0,6.0,6.0,6.0,6.0,6.0,,"@Eze2450 Sea la estaci√≥n que sea , no hay plata! Y ahora llueve.. que te cambia? Jajaja ten√©s que estudiar igual",1,67700.0,
7,7.0,7.0,7.0,7.0,7.0,7.0,7.0,7.0,7.0,7.0,7.0,7.0,7.0,7.0,,Llueve y no tengo Internet...me espera tremenda tarde,1,68738.0,
8,8.0,8.0,8.0,8.0,8.0,8.0,8.0,8.0,8.0,8.0,8.0,8.0,8.0,8.0,,Que linda noche de lluvia üíñ,1,41774.0,
9,9.0,9.0,9.0,9.0,9.0,9.0,9.0,9.0,9.0,9.0,9.0,9.0,9.0,9.0,,"Mi√©rcoles de mucho calor, previo a las lluvias https://t.co/eFZV0fhc58",1,42346.0,
10,10.0,10.0,10.0,10.0,10.0,10.0,10.0,10.0,10.0,10.0,10.0,10.0,10.0,10.0,,Me gusta cuando llueve porque parece que se estan fritando empanadas #PuesGorda üòÇ,0,17694.0,
11,11.0,11.0,11.0,11.0,11.0,11.0,11.0,11.0,11.0,11.0,11.0,11.0,11.0,11.0,,Noviembre sin ti es sentir que la lluvia me dice llorando que todo acab√≥ üéµ,0,23489.0,
12,12.0,12.0,12.0,12.0,12.0,12.0,12.0,12.0,12.0,12.0,12.0,12.0,12.0,,,"17h Agvnet CDU: Temp. 32.4 ¬∞C, Hum. 33 %, Bar. 997.3 hPa, Lluvia 0 mm, Viento 11.2 km/h SE #Weathercloud",0,89298.0,
13,13.0,13.0,13.0,13.0,13.0,13.0,13.0,13.0,13.0,13.0,13.0,13.0,13.0,,,Con esta lluvia me dieron ganas de cucharear ! üòè,1,34084.0,
14,14.0,14.0,14.0,14.0,14.0,14.0,14.0,14.0,14.0,14.0,14.0,14.0,14.0,,,Y se largo la lluvia ‚òîüíï,1,18916.0,
15,15.0,15.0,15.0,15.0,15.0,15.0,15.0,15.0,15.0,15.0,15.0,15.0,15.0,,,Que hermosa tormenta,1,95969.0,
16,16.0,16.0,16.0,16.0,16.0,16.0,16.0,16.0,16.0,16.0,16.0,16.0,16.0,,,@joaquinv17 dan lluvia jajaja,0,105577.0,
17,17.0,17.0,17.0,17.0,17.0,17.0,17.0,17.0,17.0,17.0,17.0,17.0,,,,Aseguran que hay stock suficiente de bengalas para combatir tormentas https://t.co/87eM3CTQSO,0,108440.0,
18,18.0,18.0,18.0,18.0,18.0,18.0,18.0,18.0,18.0,18.0,18.0,18.0,,,,"Aprob√© un final con 8, tom√© cervezas con amigos, estuve con mi novio, comi milanesa a la napolitana, me ba√±√© con agua hirviendo y estoy por dormirme en s√°banas limpias con la lluvia de fondo y mi gato al lado. Me siento m√°s que realizada.",1,56816.0,
19,19.0,19.0,19.0,19.0,19.0,19.0,19.0,19.0,19.0,19.0,19.0,19.0,,,,Llueve pq Sebastian se levanto simp√°ticoüòÇüòÇ,1,784.0,
20,20.0,20.0,20.0,20.0,20.0,20.0,20.0,20.0,20.0,20.0,20.0,20.0,,,,@valenzampani Horrible todo. Por eso llueve as√≠,0,28569.0,
21,21.0,21.0,21.0,21.0,21.0,21.0,21.0,21.0,21.0,21.0,21.0,21.0,,,,M√≠ padre dice que ahora se van a tener que poner a jugar. Yo mientras miro si se forma tormenta o no üòï,0,66936.0,
22,22.0,22.0,22.0,22.0,22.0,22.0,22.0,22.0,22.0,22.0,22.0,22.0,,,,"buena, que le pasaba al clima jajaja de donde salio esta lluvia?",1,56037.0,
23,23.0,23.0,23.0,23.0,23.0,23.0,23.0,23.0,23.0,23.0,23.0,,,,,"Que onda?? Llueve, sale el sol, llueve, sale el sol. El tiempo est√° mas loco que yo.",0,19261.0,
24,24.0,24.0,24.0,24.0,24.0,24.0,24.0,24.0,24.0,24.0,24.0,,,,,Lo hermoso que son los d√≠as de lluvia,0,48705.0,
25,25.0,25.0,25.0,25.0,25.0,25.0,25.0,25.0,25.0,25.0,25.0,,,,,Que verg√ºenza ver a otros humanos en bicicleta buscando refugio en plena tormenta... Que poca alma bicicletera,1,45177.0,
26,26.0,26.0,26.0,26.0,26.0,26.0,26.0,26.0,26.0,26.0,,,,,,Mi plan es dormirme escuchando los temas de fasciolo con el ruido de la lluvia de fondo y haciendo cucharita con mi gata,0,22643.0,
27,27.0,27.0,27.0,27.0,27.0,27.0,27.0,27.0,27.0,27.0,,,,,,"23h Agvnet CDU: Temp. 20.7 ¬∞C, Hum. 94 %, Bar. 1010.6 hPa, Lluvia 0 mm, Viento 3.6 km/h NE #Weathercloud",0,89315.0,
28,28.0,28.0,28.0,28.0,28.0,28.0,28.0,28.0,28.0,28.0,,,,,,Como me hace mambear esta lluvia,1,74062.0,
29,29.0,29.0,29.0,29.0,29.0,29.0,29.0,29.0,29.0,29.0,,,,,,Estar√≠a para q venga una re tormenta y q dure hasta ma√±ana jajajajaja,0,108083.0,
30,30.0,30.0,30.0,30.0,30.0,30.0,30.0,30.0,30.0,,,,,,,"#VillaMaria 17:00 hs | Temp 32.4¬∞C Min=21.0¬∞C (05:16) Max=32.4¬∞C (16:34) | Hum.40 | Viento 11.2 km/h ENE, Pres.986.2 hpa Lluvia   0.0 mm",0,69607.0,
31,31.0,31.0,31.0,31.0,31.0,31.0,31.0,31.0,31.0,,,,,,,@alberto_rsaa Sin dudas usted gobernador querido es el mejor Piloto de tormentas !!!,0,58699.0,
32,32.0,32.0,32.0,32.0,32.0,32.0,32.0,32.0,32.0,,,,,,,En santa fe llueve?,1,109383.0,
33,33.0,33.0,33.0,33.0,33.0,33.0,33.0,33.0,33.0,,,,,,,Adivinen quien se moj√≥?? Gracias tormenta,1,45202.0,
34,34.0,34.0,34.0,34.0,34.0,34.0,34.0,34.0,34.0,,,,,,,Me ha gustado un v√≠deo de @YouTube (https://t.co/y2adZVgXvD - **TEMPORADA 7** SE ACERCA UNA TORMENTA!!? FORTNITE: Battle Royale).,0,49227.0,
35,35.0,35.0,35.0,35.0,35.0,35.0,35.0,35.0,35.0,,,,,,,"reci√©n me despierto de la siesta ...con esta lluvia quien no duerme , igual hubiera estado m√°s piola si dorm√≠amos la siesta juntos ahre",1,28392.0,
36,36.0,36.0,36.0,36.0,36.0,36.0,36.0,36.0,36.0,,,,,,,Sos hermosaüòç ‚Äî Abran los paraguas para la lluvia de datos https://t.co/VYXFOWRooI,0,44043.0,
37,37.0,37.0,37.0,37.0,37.0,37.0,37.0,37.0,37.0,,,,,,,Netflix + lluvia = perfeccion,1,53927.0,
38,38.0,38.0,38.0,38.0,38.0,38.0,38.0,38.0,,,,,,,,"@LuchoCabj101 Aaaaay si boludo,que tormenta horrible",1,101828.0,
39,39.0,39.0,39.0,39.0,39.0,39.0,39.0,39.0,,,,,,,,me cans√≥ la lluvia,0,53329.0,
40,40.0,40.0,40.0,40.0,40.0,40.0,40.0,40.0,,,,,,,,Ojal√° me pusiera mimosa... la lluvia me pone m√°s gorda de lo que soy https://t.co/0EEk04CLD3,1,33924.0,
41,41.0,41.0,41.0,41.0,41.0,41.0,41.0,41.0,,,,,,,,Que hermosa lluviaüíï,1,63079.0,
42,42.0,42.0,42.0,42.0,42.0,42.0,42.0,42.0,,,,,,,,"Vieron que en C√≥rdoba hay gente estudiando las tormentas. Bueno, creo que con esta hac√≠an la tesis",0,25043.0,
43,43.0,43.0,43.0,43.0,43.0,43.0,43.0,43.0,,,,,,,,"El tiempo #en Santa Fe:
Barrio Constituyentes
T: 25.3¬∞C
H: 21%
ST: 25.3¬∞C
P: 1016.1hPa
Lluvia hoy: 0.0mm.",0,38539.0,
44,44.0,44.0,44.0,44.0,44.0,44.0,44.0,44.0,,,,,,,,"No se , pero yo amo dormir con lluvia man",0,73126.0,
45,45.0,45.0,45.0,45.0,45.0,45.0,45.0,45.0,,,,,,,,"13h Agvnet CDU: Temp. 22.7 ¬∞C, Hum. 44 %, Bar. 1014.4 hPa, Lluvia 0 mm, Viento 7.2 km/h NE #Weathercloud",0,18300.0,
46,46.0,46.0,46.0,46.0,46.0,46.0,46.0,46.0,,,,,,,,"Que la lluvia pase de largooooo, quiero salir manga de forros",1,2449.0,
47,47.0,47.0,47.0,47.0,47.0,47.0,47.0,47.0,,,,,,,,Se levant√≥ tormenta de un rato a otro,1,101085.0,
48,48.0,48.0,48.0,48.0,48.0,48.0,48.0,48.0,,,,,,,,Salir al patio y escuchar los truenos en Dolby Surround 7.1 jajaja,1,93903.0,
49,49.0,49.0,49.0,49.0,49.0,49.0,49.0,49.0,,,,,,,,Lea en Estaci√≥nPlus:Anuncian hasta 40¬∞ y m√°s de 100 mm de lluvias en Entre R√≠os este fin de a√±o: Advierten por fen√≥menos meteorol√≥gicos de alto impacto en los pr√≥ximos d√≠as. El 2019 empezar√° lluvioso. Mir√° el informe especial para la provincia y la regi√≥n https://t.co/u0PNOEPbIX https://t.co/kiRKECaYmS,0,104888.0,
50,50.0,50.0,50.0,50.0,50.0,50.0,50.0,50.0,,,,,,,,Encima q lindo andar bajo la lluvia üòçüòçüòçüòç q feo el calor del departamento üò≠üò≠üò≠üò≠,0,3311.0,
51,51.0,51.0,51.0,51.0,51.0,51.0,51.0,51.0,,,,,,,,"Datos actuales en #SantaFe
Barrio Candioti Norte:
T: 20.9¬∞C
H: 79%
ST: 20.9¬∞C
P: 1008.1hpa
Lluvia hoy: 9.0mm",0,98874.0,
52,52.0,52.0,52.0,52.0,52.0,52.0,52.0,52.0,,,,,,,,Uno de los placeres de la vida... Dormir mientras llueveüíû,1,57153.0,
53,53.0,53.0,53.0,53.0,53.0,53.0,53.0,53.0,,,,,,,,Hay que dormir nomas dice la lluvia,1,53134.0,
54,54.0,54.0,54.0,54.0,54.0,54.0,54.0,54.0,,,,,,,,"@Fernandofr333 @Apuntes_ El video es otro tema, porque depende de la complejidad que quiera darle al archivo. Si son s√≥lo fotos o si son videos.

Ma√±ana paso data porque estoy bajo tormenta de LPM y se corta la luz q cada rato... https://t.co/J6ti4cHrRV",0,78139.0,
55,55.0,55.0,55.0,55.0,55.0,55.0,55.0,55.0,,,,,,,,"@camilasanchezn Es el uno , cuando wos , cacha , trueno, etc. Estaban en el quinto el y Dtoke ya estaban en la red bulls Inter. Una bestia jaja",0,42242.0,
56,56.0,56.0,56.0,56.0,56.0,56.0,56.0,56.0,,,,,,,,Que ganas de hacer cucharita con mi wacho con esta lluvia,1,8498.0,
57,57.0,57.0,57.0,57.0,57.0,57.0,57.0,57.0,,,,,,,,"Ya sabemos que llueve, manga de forros",1,65075.0,
58,58.0,58.0,58.0,58.0,58.0,58.0,58.0,58.0,,,,,,,,re xxl la lluvia,1,87802.0,
59,59.0,59.0,59.0,59.0,59.0,59.0,59.0,59.0,,,,,,,,"Venia del gym en plena tormenta re relajada, me cruza un hombre y me dice ""corre que se vienen las piedras"" cai en que pod√≠a ser posible y empec√© a correr jajajajajaja",0,92671.0,
60,60.0,60.0,60.0,60.0,60.0,60.0,60.0,60.0,,,,,,,,Por fin lluvia hdp,1,104979.0,
61,61.0,61.0,61.0,61.0,61.0,61.0,61.0,61.0,,,,,,,,tengo ganas de salir a bicicletear pero viendo sus fotos y v√≠deos de piedras y lluvia me dio miedo. Es su culpa jeje ahre,0,82308.0,
62,62.0,62.0,62.0,62.0,62.0,62.0,62.0,62.0,,,,,,,,"Dormi lindo che, te extra√±aba lluvia!!",0,68561.0,
63,63.0,63.0,63.0,63.0,63.0,63.0,63.0,63.0,,,,,,,,El miedo que le agarre a las tormentas de noche üòì,0,90869.0,
64,64.0,64.0,64.0,64.0,64.0,64.0,64.0,64.0,,,,,,,,Vete de aqu√≠ tormenta.,1,55054.0,
65,65.0,65.0,65.0,65.0,65.0,65.0,65.0,65.0,,,,,,,,Y lleg√≥ la tan ansiada lluvia üòÄ,1,100512.0,
66,66.0,66.0,66.0,66.0,66.0,66.0,66.0,66.0,,,,,,,,Alguien est√° escuchando esos truenos?,1,1413.0,
67,67.0,67.0,67.0,67.0,67.0,67.0,67.0,67.0,,,,,,,,Se ve que la tormenta fue copada porque Tiro el √°rbol locoooooo,0,70632.0,
68,68.0,68.0,68.0,68.0,68.0,68.0,68.0,68.0,,,,,,,,"a una hora de ir a trabajar, y llueve como locos en camilo aldao!",1,16815.0,
69,69.0,69.0,69.0,69.0,69.0,69.0,69.0,69.0,,,,,,,,Mi viejo que cae un rayo y corta la luz,0,28975.0,
70,70.0,70.0,70.0,70.0,70.0,70.0,70.0,70.0,,,,,,,,"Haganse el favor de salir a mirar el cielo, que belleza.
Casi no se ve la lluvia de estrellas, pero igual el cielo esta lleno",0,72240.0,
71,71.0,71.0,71.0,71.0,71.0,71.0,71.0,71.0,,,,,,,,Los d√≠as de lluviaüòç,0,51043.0,
72,72.0,72.0,72.0,72.0,72.0,72.0,72.0,72.0,,,,,,,,Ancohe me despert√© por un rayo y lo primero que pens√© fue OIGAN MUCHAHO ECUCHARON EL REMPALAGO??? Tengo la mente matada ya,0,109617.0,
73,73.0,73.0,73.0,73.0,73.0,73.0,73.0,73.0,,,,,,,,Se larga la lluvia. Fijar este tuit https://t.co/beFY90qKxK,0,92684.0,
74,74.0,74.0,74.0,74.0,74.0,74.0,74.0,74.0,,,,,,,,"No s√© a mi la lluvia no me motiva para nada a estudiar, solo quiero dormir",1,86344.0,
75,75.0,75.0,75.0,75.0,75.0,75.0,75.0,75.0,,,,,,,,"Estamos en una √©poca en que nos chupa un huevo el otro, donde s√≥lo nos importa cagarnos en el esfuerzo que hacen, en su persona y NOS CHUPA UN HUEVO c√≥mo se sienta, si total, yo estoy bien, el resto... que lo parta un rayo",0,57855.0,
76,76.0,76.0,76.0,76.0,76.0,76.0,76.0,76.0,,,,,,,,"si llueve ya saben porque es, estoy yendo al colegio",0,57913.0,
77,77.0,77.0,77.0,77.0,77.0,77.0,77.0,77.0,,,,,,,,DATO DE LLUVIA CA√çDA EN GUALEGUAY  53,0,70412.0,
78,78.0,78.0,78.0,78.0,78.0,78.0,78.0,78.0,,,,,,,,@Flawless_swan Ssssshhh deja la lluvia tranquila para los que vamos a dormir siesta üòù,1,93625.0,
79,79.0,79.0,79.0,79.0,79.0,79.0,79.0,79.0,,,,,,,,Ta para desmayarse con esta lluvia,1,43590.0,
80,80.0,80.0,80.0,80.0,80.0,80.0,80.0,80.0,,,,,,,,Amo ver c√≥mo est√°n las canchas con la lluvia para mi es admirable ver c√≥mo con tanta lluvia algunos campos est√°n impecables,0,7722.0,
81,81.0,81.0,81.0,81.0,81.0,81.0,81.0,81.0,,,,,,,,como no te cae un rayo en la cabeza la re concha de tu madre https://t.co/XxZHS9BqZ1,0,32423.0,
82,82.0,82.0,82.0,82.0,82.0,82.0,82.0,82.0,,,,,,,,"üåß La imagen satelital de esta ma√±ana del @SMN_Argentina muestra un gran frente de tormenta que abarca el sur de Santa Fe, la provincia de Entre Rios y el noreste de la provincia de Buenos Aires.

‚òÄ Clima despejado para el resto de las zonas productoras.

¬ª (1/2) https://t.co/LhujSXJgdE",0,64804.0,
83,83.0,83.0,83.0,83.0,83.0,83.0,83.0,83.0,,,,,,,,"Ya veo que se va a largar a llover o cuando salga de mi casa o cuando este volviendo, porque la lluvia me odiaaaü§¶üèº",0,79060.0,
84,84.0,84.0,84.0,84.0,84.0,84.0,84.0,84.0,,,,,,,,"14h Agvnet CDU: Temp. 23.9 ¬∞C, Hum. 45 %, Bar. 1012.7 hPa, Lluvia 0 mm, Viento 14.8 km/h N #Weathercloud",0,18305.0,
85,85.0,85.0,85.0,85.0,85.0,85.0,85.0,85.0,,,,,,,,Que ganas de estar con mi vida viendo peliculas mientras escuchando como llueve,0,106362.0,
86,86.0,86.0,86.0,86.0,86.0,86.0,86.0,86.0,,,,,,,,Ay esta lluvia que no quiere parar che üôâ,1,66411.0,
87,87.0,87.0,87.0,87.0,87.0,87.0,87.0,87.0,,,,,,,,Ke lluvia re culiadaw,0,53354.0,
88,88.0,88.0,88.0,88.0,88.0,88.0,88.0,88.0,,,,,,,,"Un hermoso d√≠a el de hoy! 
Ay! Qu√© bello d√≠a es hoy! 
est√° para desatar nuestra tormenta 
que va a tronar por el dolor.",0,13720.0,
89,89.0,89.0,89.0,89.0,89.0,89.0,89.0,89.0,,,,,,,,Maldigo las veredas hechas mierdas en momentos de lluvia üò†üòë,0,29890.0,
90,90.0,90.0,90.0,90.0,90.0,90.0,90.0,90.0,,,,,,,,@danielamachuca es que ESTAMOS BRASIL. Llueve con el calor a 30 grados y el SOL mir√°ndote as√≠ üåù,0,93442.0,
91,91.0,91.0,91.0,91.0,91.0,91.0,91.0,91.0,,,,,,,,Para que anduve en la klx ahora tengo ganas de prenderla fuego a la tornado,0,60441.0,
92,92.0,92.0,92.0,92.0,92.0,92.0,92.0,92.0,,,,,,,,@GabyObelar1 @LaCabalaRadio Seguro?  Tormenta el√©ctrica...,0,27270.0,
93,93.0,93.0,93.0,93.0,93.0,93.0,93.0,93.0,,,,,,,,Lluvia y la re calcada concha de tu madre üò§üò≠,1,8280.0,
94,94.0,94.0,94.0,94.0,94.0,94.0,94.0,94.0,,,,,,,,Pedido solidario para afectados por las lluvias https://t.co/D0skY9PhQl,0,30109.0,
95,95.0,95.0,95.0,95.0,95.0,95.0,95.0,95.0,,,,,,,,@AyeRiveroo Es porque en un rato llega la tormenta de facha a Paran√° !,0,72202.0,
96,96.0,96.0,96.0,96.0,96.0,96.0,96.0,96.0,,,,,,,,Quiero escuchar la tormenta abrazada a vos,0,37134.0,
97,97.0,97.0,97.0,97.0,97.0,97.0,97.0,97.0,,,,,,,,Domingo de lluvia y baj√≥n. Por m√≠ que arranque el lunes en media hora. Ya fue todo.,1,1631.0,
98,98.0,98.0,98.0,98.0,98.0,98.0,98.0,98.0,,,,,,,,"Si la lluvia llega hasta aqu√≠, voy a limitarme a vivir",0,10170.0,
99,99.0,99.0,99.0,99.0,99.0,99.0,99.0,99.0,,,,,,,,"Tremenda tormenta de la madrugada y ahora un sol que parte la tierra, esto es San Luis",0,16475.0,
100,100.0,100.0,100.0,100.0,100.0,100.0,100.0,100.0,,,,,,,,"Tendr√≠a que estar yendo a buscar la ropa de mi promo,pero estoy caminando bajo la lluvia..",1,79146.0,
101,101.0,101.0,101.0,101.0,101.0,101.0,101.0,101.0,,,,,,,,Trueno v2.0. 2fast2furious. https://t.co/FpS7klRbZo,0,19231.0,
102,102.0,102.0,102.0,102.0,102.0,102.0,102.0,102.0,,,,,,,,Si se puede jugar! Hubo ya una final con lluvia en esa cancha! Por las dudas les recuerdo quien fue el campe√≥n.. #FinalCopaLibertadores #BocavsRiver #CONMEBOLLibertadores @CANOBoficial #EstudioFutbol @TyCSports #LAMEJORFINALenSC https://t.co/ykThUhG0Tl,0,8666.0,
103,103.0,103.0,103.0,103.0,103.0,103.0,103.0,103.0,,,,,,,,"Si llueve ahora por lo menos espero que ma√±ana este nublado, no aguanto el calorüòí",0,87129.0,
104,104.0,104.0,104.0,104.0,104.0,104.0,104.0,104.0,,,,,,,,@J1M1NCUTE @clau4805 @BTS_twt Frioüòä lluviaüíñ azulüò± celularü§ó solterasüòÇ @BTS_twt #MTVEMABiggestFansBTS,0,17573.0,
105,105.0,105.0,105.0,105.0,105.0,105.0,105.0,105.0,,,,,,,,"Aerol√≠neas-La lluvia.(Seg√∫n San Idiota) 
Confirmado : Jacques Cousteau era de La C√°mpora.",0,23371.0,
106,106.0,106.0,106.0,106.0,106.0,106.0,106.0,106.0,,,,,,,,"Queria ir a la pileta, llueve. Empece a ver una serie, se corta la luz",0,109218.0,
107,107.0,107.0,107.0,107.0,107.0,107.0,107.0,107.0,,,,,,,,@FraancoMiletich Jajajajajajaja es que √∫ltimamente la lluvia ni tiempo a nada se larga con todo nomas,0,92793.0,
108,108.0,108.0,108.0,108.0,108.0,108.0,108.0,108.0,,,,,,,,Quiero alguien para pasar los d√≠as de lluvia,0,40350.0,
109,109.0,109.0,109.0,109.0,109.0,109.0,109.0,109.0,,,,,,,,Chica la tormenta,0,72655.0,
110,110.0,110.0,110.0,110.0,110.0,110.0,110.0,110.0,,,,,,,,"LLUVIA DE MI VIDA TE AMO CON TODO MI CORAZ√ìN, GRACIAS MUNDO",1,77965.0,
111,111.0,111.0,111.0,111.0,111.0,111.0,111.0,111.0,,,,,,,,Que linda lluviaüòç,1,107314.0,
112,112.0,112.0,112.0,112.0,112.0,112.0,112.0,112.0,,,,,,,,@LautiMarchese Jajaja encima llueve a balde!,0,51882.0,
113,113.0,113.0,113.0,113.0,113.0,113.0,113.0,113.0,,,,,,,,Lo √∫nico que voy a ver a las 2 de la ma√±ana es la tormenta que se est√° viniendo,0,76107.0,
114,114.0,114.0,114.0,114.0,114.0,114.0,114.0,114.0,,,,,,,,"De nuevo est√° lloviendo, siempre arruinando mis planes la lluvia de mierda",1,93092.0,
115,115.0,115.0,115.0,115.0,115.0,115.0,115.0,115.0,,,,,,,,Rayos üòî,0,47959.0,
116,116.0,116.0,116.0,116.0,116.0,116.0,116.0,116.0,,,,,,,,"En la vida real le tengo miedo a los truenos. 
As√≠ estoy . https://t.co/eCs5wgupHv",0,14882.0,
117,117.0,117.0,117.0,117.0,117.0,117.0,117.0,117.0,,,,,,,,"Le puli los rayos y todo, bastante la turra",0,105845.0,
118,118.0,118.0,118.0,118.0,118.0,118.0,118.0,118.0,,,,,,,,dormir con lluvia‚ô• que maravilla,1,17103.0,
119,119.0,119.0,119.0,119.0,119.0,119.0,119.0,119.0,,,,,,,,Llueve por qu√© gano Belgrano ?ü§î,1,18907.0,
120,120.0,120.0,120.0,120.0,120.0,120.0,120.0,120.0,,,,,,,,Como loco si llueve,1,14225.0,
121,121.0,121.0,121.0,121.0,121.0,121.0,121.0,121.0,,,,,,,,Llueve!! BARADEL en el Tigre en la asamblea d suteba. Espero q tenga q salir haciendo perrito por el r√≠o!!!! Y encima se va a tener q ba√±ar!!!!ü§£ü§£ü§£,0,46006.0,
122,122.0,122.0,122.0,122.0,122.0,122.0,122.0,122.0,,,,,,,,"Encima cuando quiero que llueva en temporada de escuela no llueve, alta leche la m√≠aüòÇüíî",0,80831.0,
123,123.0,123.0,123.0,123.0,123.0,123.0,123.0,123.0,,,,,,,,"Las intensas lluvias generaron una creciente de casi siete metros en el r√≠o San Antonio

El agua ingresa con mucha fuerza en el cauce de los r√≠os serranos, luego de varios d√≠as de lluvia que afectan a la regi√≥n. Se recomienda acatar las √≥rdenes de Defensa Civil, no intentar ‚Ä¶ https://t.co/HF7XhF8atm",0,38454.0,
124,124.0,124.0,124.0,124.0,124.0,124.0,124.0,124.0,,,,,,,,@LuddVeron Que hermoso es dormir bajo la lluvia ahre se re enfermaba,0,31676.0,
125,125.0,125.0,125.0,125.0,125.0,125.0,125.0,125.0,,,,,,,,"20h ClimaRafaela: Temp. 19.4 ¬∞C, Hum. 95 %, Bar. 999.2 mbar, Lluvia 35.9 mm, Viento 10.8 km/h SO #Weathercloud",0,46241.0,
126,126.0,126.0,126.0,126.0,126.0,126.0,126.0,126.0,,,,,,,,los truenos me estan dando alto miedo caen re cercaaaa,1,75946.0,
127,127.0,127.0,127.0,127.0,127.0,127.0,127.0,127.0,,,,,,,,"Quien necesita un chongo con este clima, si lo tengo a mi gato que le tiene miedo a la tormenta, entonces se me acuesta encima üíï",0,14168.0,
128,128.0,128.0,128.0,128.0,128.0,128.0,128.0,,,,,,,,,"@marinavibu609g @MolaschiClara @Cristin97215062 @SuttoraM @tantumanita @RobertoGranai @Rossana7336 @dianafalcione69 @AlteaFerrari @pulce_mm @lillagranata2 ¬°Gracias Marina! Es un d√≠a especial: hay truenos,lluvia y tambi√©n sol,todo junto al mismo tiempo..Hermoso en verdad...Feliz atardecer/noche para todos ustedes... https://t.co/5aMsdxGDQC",1,93544.0,
129,129.0,129.0,129.0,129.0,129.0,129.0,129.0,,,,,,,,,No es un d√≠a de lluvia si no pisas 20 baldosas flojas...,0,58851.0,
130,130.0,130.0,130.0,130.0,130.0,130.0,130.0,,,,,,,,,@NanuLepra74 Estoy esperando la lluvia ..,0,5787.0,
131,131.0,131.0,131.0,131.0,131.0,131.0,,,,,,,,,,me dan miedo las tormentas y m√°s cuando se corta la luz :(,0,72318.0,
132,132.0,132.0,132.0,132.0,132.0,132.0,,,,,,,,,,"Vieron qu√© hay familias que se ponen contentas cuando gana una copa su equipo de futbol? Bueno, en mi casa andan as√≠ de contentos cuando llueve.",0,105226.0,
133,133.0,133.0,133.0,133.0,133.0,133.0,,,,,,,,,,"Im√°genes: Despu√©s de las intensas lluvias as√≠ quedaron las barrancas en Diamante - - https://t.co/KejGduVWpB lo que no dice el diario que en 2004 se abandono el proyecto de estabilizacion de barrancas, solo se ejecuto en la zona del puerto de ultramar https://t.co/q0vfr5QdZH",1,38134.0,
134,134.0,134.0,134.0,134.0,134.0,134.0,,,,,,,,,,Llueve poqui,1,34033.0,
135,135.0,135.0,135.0,135.0,135.0,135.0,,,,,,,,,,Verlo a Agusin anoche llegar mojado y despeinado por la lluvia hizo que se me cayeran las babasüòª,1,90263.0,
136,136.0,136.0,136.0,136.0,136.0,136.0,,,,,,,,,,@AgustinH06 La 704 cuando amanec√≠a el d√≠a despu√©s de la lluvia,0,39320.0,
137,137.0,137.0,137.0,137.0,137.0,137.0,,,,,,,,,,Mirar al cielo con la insistencia suficiente para que el primer rayo de una gran tormenta impacte en tus ojos.,0,102848.0,agus
138,138.0,138.0,138.0,138.0,138.0,138.0,,,,,,,,,,Lluvia hasta cuandoüò°,1,52596.0,agus
139,139.0,139.0,139.0,139.0,139.0,139.0,,,,,,,,,,No hay como el mirar f√∫tbol cuando llueve y estando en casa üíß‚òÅüè°üëå‚öΩ,1,58973.0,agus
140,140.0,140.0,140.0,140.0,140.0,140.0,,,,,,,,,,Que hermosa tormenta!!!!,1,48470.0,agus
141,141.0,141.0,141.0,141.0,141.0,,,,,,,,,,,Esa lluvia pa dormir ‚ù§,0,83901.0,fede
142,142.0,142.0,142.0,142.0,142.0,,,,,,,,,,,‚ö†Ô∏è OJO!! Me avisa @piedradari3 que ‚Äúentro a S.Luis severa tormenta con granizo de17200mts d alrura esta sobre la ruta 7 y atencion q puede llegar a su ciudad y hacer da√±o si sigue asi‚Äù,0,103259.0,fede
143,143.0,143.0,143.0,143.0,143.0,,,,,,,,,,,@xyxlxnm Re dorm√≠ mal amiga flashe lluvia,0,55597.0,fede
144,144.0,144.0,144.0,144.0,144.0,,,,,,,,,,,"encima que llueve estoy a pata, el embole en su m√°xima expresi√≥n",1,85277.0,fede
145,145.0,145.0,145.0,145.0,145.0,,,,,,,,,,,desenchufen a su abuelo que hay tormenta!,1,106330.0,fede
146,146.0,146.0,146.0,146.0,146.0,,,,,,,,,,,Esta lluvia esta ideal para cenar unos fideo con salsa.,1,81709.0,fede
147,147.0,147.0,147.0,147.0,147.0,,,,,,,,,,,"Como llueve, que orgazmo escuchar y sentir esto üòç",1,25330.0,fede
148,148.0,148.0,148.0,148.0,148.0,,,,,,,,,,,@marti_cavallo Esa calle me traumo de chica un d√≠a de lluvia sorry,0,29280.0,fede
149,149.0,149.0,149.0,149.0,149.0,,,,,,,,,,,Me levant√© para ir a clases y pum se larg√≥ una tormenta jsksjsj saludos desde mi cama üëã,1,30919.0,fede
150,150.0,150.0,150.0,150.0,150.0,,,,,,,,,,,La lluvia es pa cucharear,0,13668.0,fede
151,151.0,151.0,151.0,151.0,151.0,,,,,,,,,,,"Real que estoy entre mirar un cap√≠tulo de mi serie y dormir, o seguir pintando xq con esta lluviaüòçüòçüòç",1,68186.0,fede
152,152.0,152.0,152.0,152.0,152.0,,,,,,,,,,,Me agarro toda la lluvia en bici lpm,0,107510.0,fede
153,153.0,153.0,153.0,153.0,153.0,,,,,,,,,,,"Hoy hace 123 a√±os, un tipo de 50 a√±os, que habia sido expulsado de la secundaria por haber hecho una caricatura de un profesor, y que tuvo que irse a otro pais para conseguir un titulo, estaba haciendo unos experimentos cuando accidentalmente descubri√≥ los rayos X.
#2ndChances",0,2488.0,fede
154,154.0,154.0,154.0,154.0,154.0,,,,,,,,,,,El olor a lluvia üòç,0,105773.0,fede
155,155.0,155.0,155.0,155.0,155.0,,,,,,,,,,,@GimenaJofre3 Vas a mojarte con la lluvia?,1,54438.0,fede
156,156.0,156.0,156.0,156.0,156.0,,,,,,,,,,,"- TORMENTAS FUERTES -

Zonas:¬†Este de Catamarca, Oeste de Santiago del Estero, Tucum√°n",0,61759.0,fede
157,157.0,157.0,157.0,157.0,157.0,,,,,,,,,,,"El tiempo #en Santa Fe:
Barrio Constituyentes
T: 25.4¬∞C
H: 62%
ST: 25.4¬∞C
P: 1009.7hPa
Lluvia hoy: 0.0mm.",0,54862.0,fede
158,158.0,158.0,158.0,158.0,158.0,,,,,,,,,,,"Tengo que rendir un final y est√° TODOOOO INUNDADO, LA SUERTE QUE MANEJO TE LA REGALO üòí",1,86301.0,fede
159,159.0,159.0,159.0,159.0,159.0,,,,,,,,,,,"con esta lluvia tendr√≠a que estar durmiendo, pero estoy en particular",1,63375.0,fede
160,160.0,160.0,160.0,160.0,160.0,,,,,,,,,,,"8h Agvnet CDU: Temp. 21.6 ¬∞C, Hum. 98 %, Bar. 999.2 hPa, Lluvia 3.3 mm, Viento 11.2 km/h O #Weathercloud",0,89251.0,fede
161,161.0,161.0,161.0,161.0,161.0,,,,,,,,,,,"Se ve que algunos accionistas tambi√©n se comieron el viaje de la lluvia de inversiones, del mejor equipo de los 50 a√±os, de que como no vamos a controlamos la inflacion, etc...El problema es que gran parte de nuestra deuda est√° en d√≥lares. Moneda la maneja el gran titiritero. https://t.co/Lp4YOz9TfL",0,83053.0,fede
162,162.0,162.0,162.0,162.0,162.0,,,,,,,,,,,@glaveanton @BossPeppers El avi√≥n va por arriba de la tormenta .No te asustes .üòäü§ó,0,16610.0,fede
163,163.0,163.0,163.0,163.0,163.0,,,,,,,,,,,"#SuperLiga
#Patronato
La Ruda bajo agua.
Las mismas que estuvieron en el empate ante #Union en el 15 de Abril, hoy est√°n bajo la lluvia en el ingreso al vestuario del Patr√≥n.
@maurogaggino https://t.co/1rlnV15vcF",0,15727.0,fede
164,164.0,164.0,164.0,164.0,164.0,,,,,,,,,,,"No trabajo y llueve, trabajo y hay un sol espectacular para ir a una pile. Que bien mi vida..",0,105022.0,fede
165,165.0,165.0,165.0,165.0,165.0,,,,,,,,,,,"Lluvia matessss, con la mejor compa√±√≠a üëµüíì",0,47236.0,fede
166,166.0,166.0,166.0,166.0,166.0,,,,,,,,,,,"Cu√°ndo voy a madurar y dejar de tenerle miedo a los tormentas?
Hola insomio üëã",0,4066.0,fede
167,167.0,167.0,167.0,167.0,167.0,,,,,,,,,,,"que linda lluvia, estoy esperando que me parta un rayo",1,84306.0,fede
168,168.0,168.0,168.0,168.0,168.0,,,,,,,,,,,"Hernan me habl√≥ para hacer algo,como amo que mi amigo me hable los s√°bados pa activarmelos ,pero llueve a bocha ü§¶",1,4968.0,fede
169,169.0,169.0,169.0,169.0,169.0,,,,,,,,,,,Tremenda lluvia para estar acostada pero no.. estoy en la esc para no quedarme libre,1,30614.0,fede
170,170.0,170.0,170.0,170.0,170.0,,,,,,,,,,,Lluvia del orrrrto,1,104831.0,fede
171,171.0,171.0,171.0,171.0,171.0,,,,,,,,,,,Que lluvia hdp,1,8351.0,fede
172,172.0,172.0,172.0,172.0,172.0,,,,,,,,,,,"Linda lluvia, viene chanta para las canchitas üòå",1,81585.0,fede
173,173.0,173.0,173.0,173.0,173.0,,,,,,,,,,,Vamos que hoy llueveüôè https://t.co/aAvYKBBUE1,1,91543.0,fede
174,174.0,174.0,174.0,174.0,174.0,,,,,,,,,,,Que tormenta del orto con q necesidad a verrrrrr,1,65043.0,fede
175,175.0,175.0,175.0,175.0,175.0,,,,,,,,,,,No llueve en todo el finde.. ¬øCuando va a llover? Justo para a√±o nueno. ACUERDENSEN,0,105393.0,fede
176,176.0,176.0,176.0,176.0,176.0,,,,,,,,,,,"Datos actuales en #SantaFe
Barrio Sgto. Cabral:
T: 30.0¬∞C
H: 56%
ST: 30.0¬∞C
P: 1003.0hpa
Lluvia hoy: 0.0mm",0,89464.0,fede
177,177.0,177.0,177.0,177.0,177.0,,,,,,,,,,,Quer√≠a lluvia AH√ç TEN√â,1,86996.0,fede
178,178.0,178.0,178.0,178.0,178.0,,,,,,,,,,,Que les pasa a los que salen con esta lluvia ¬ø??? yo no puedo ni salir de la cama todav√≠a,0,6023.0,fede
179,179.0,179.0,179.0,179.0,179.0,,,,,,,,,,,Ayer me enter√© que los rayos salen de la tierra. Por qu√© nadie me lo dijo?,0,95310.0,fede
180,180.0,180.0,180.0,180.0,180.0,,,,,,,,,,,A mi novio lo haces feliz con tan poco... hoy hice un tuco que me sali√≥ muy rico (muy modesta pero es verdad) y me dijo 37 veces que estaba riqu√≠simo y que gracias por hacer una comida tan rica un d√≠a de lluvia jajaja lo amo,0,28599.0,fede
181,181.0,181.0,181.0,181.0,181.0,,,,,,,,,,,"#Reprogramacion #Taburetes #Arte2018 
‚ùó‚ùóPor pron√≥stico de lluvias, la subasta de taburetes del Polit√©cnico es reprogramada para el pr√≥ximo Lunes 17/12 ‚ùó ‚ùó https://t.co/XtrJSlz6lo",0,68693.0,fede
182,182.0,182.0,182.0,182.0,182.0,,,,,,,,,,,Se me sali√≥ el coraz√≥n del pecho con el trueno xd,0,4692.0,fede
183,183.0,183.0,183.0,183.0,183.0,,,,,,,,,,,me estoy dando cuenta que la lluvia me va a fallar asi que me voy a poner a estudiar.,0,24034.0,fede
184,184.0,184.0,184.0,184.0,184.0,,,,,,,,,,,"me iba quejar de que ten√≠a que volver caminando con lluvia pero me acord√© que el s√°bado corr√≠mos con los bobos 8 cuadras con tormenta el√©ctrica, calles inundadas Y CON VIENTO FRIO y se me pas√≥",0,28185.0,fede
185,185.0,185.0,185.0,185.0,185.0,,,,,,,,,,,"Los voy a poner en contexto. Mi hermano sali√≥ a las 3am (por la lluvia). Este sujeto, es un individuo qu√© cuando sale toma cantidades muy bajas de alcohol, pero siempre puede haber una excepci√≥n, esta noche lo fue...",0,71400.0,fede
186,186.0,186.0,186.0,186.0,186.0,,,,,,,,,,,"Ola bb est√°s invitado a mi casa a no hacer nada, solamente acostarnos, darnos muchos besos y escuchar como llueve 

Enviar",1,30327.0,fede
187,187.0,187.0,187.0,187.0,187.0,,,,,,,,,,,"No inverno , cocino y se comio un chocolate entero .
Resultado : dos dias de lluvia y granizo jajajjaja",0,57687.0,fede
188,188.0,188.0,188.0,188.0,188.0,,,,,,,,,,,Otro inconveniente por la intensa lluvia: La basura es un problema de todos. https://t.co/ej3Oa1gjtD /interes_general,1,47957.0,fede
189,189.0,189.0,189.0,189.0,189.0,,,,,,,,,,,@vickyfreyre__ boluda fue todo muy chistoso porque dije ‚Äúlluvia tu me oyes? me escuchas?‚Äù boludeando y jusTO SE LARG√ì,0,31586.0,fede
190,190.0,190.0,190.0,190.0,190.0,,,,,,,,,,,"@CalleDRosario Esto es una verdadera verg√ºenza,se√±ora Intendente!!! Hace a√±os q reclam√≥ y no pasa nada!!! Que hace con la plata de mis impuestos??? Esta laguna se forma cada vez q llueve,en calle Silva entre Reconquista e Iberlucea. Haga algo x favor!!! https://t.co/GQJkn98UOD",0,104050.0,fede
191,191.0,191.0,191.0,191.0,191.0,,,,,,,,,,,"Mks sac√≥ el plus que le faltaba en esta √∫ltima fecha,que abuso,quer√≠a que se quede Trueno üíî",0,103002.0,fede
192,192.0,192.0,192.0,192.0,192.0,,,,,,,,,,,"Como odio el clima asi es una cosa que me pone muy de mal humor, porque no llueve durante la semana la concha de tu madre",0,18140.0,fede
193,193.0,193.0,193.0,193.0,193.0,,,,,,,,,,,"Hace dos semanas que la paso mal secando ropa, lluvia del remil orto",1,13552.0,fede
194,194.0,194.0,194.0,194.0,194.0,,,,,,,,,,,"Malabia y Santa Mar√≠a. En #SanJusto, las calles llenas de agua luego de la tormenta. https://t.co/bctJ592EtK",0,86513.0,fede
195,195.0,195.0,195.0,195.0,195.0,,,,,,,,,,,"Desde las 1 de la ma√±ana me da 100% de probabilidad de lluvia, todo el d√≠a lluvia, sal√≠s afuera el sol que raja la tierra, metereologico chupame un huevo...",0,86483.0,fede
196,196.0,196.0,196.0,196.0,196.0,,,,,,,,,,,MAAMAA MIRA COMO LLUEVE QUIERO DORMIR,1,12047.0,fede
197,197.0,197.0,197.0,197.0,197.0,,,,,,,,,,,"@CristianFoos @tribussolaro De veritas, estaba preocupada por la lluvia y me olvid√© que cumpl√≠a a√±os lpm",0,33013.0,fede
198,198.0,198.0,198.0,198.0,198.0,,,,,,,,,,,Tremendo rayo en cap. Prendi√≥ la alarma de un auto üò±,0,64482.0,fede
199,199.0,199.0,199.0,199.0,199.0,,,,,,,,,,,Que paja dormir sola con estos truenos del orto,1,14932.0,fede
200,200.0,200.0,200.0,200.0,200.0,,,,,,,,,,,Lluvia te amo,1,106779.0,fede
201,201.0,201.0,201.0,201.0,201.0,,,,,,,,,,,Que abuso como llueve,1,96848.0,fede
202,202.0,202.0,202.0,202.0,202.0,,,,,,,,,,,Dormir cuchareando mientras llueve deberia ser una de las maravillas del mundo!,0,33199.0,fede
203,203.0,203.0,203.0,203.0,203.0,,,,,,,,,,,@SofiaChelini Rayos,0,85539.0,fede
204,204.0,204.0,204.0,204.0,204.0,,,,,,,,,,,Hoy si no llueve que pinte las mas loca casa sola pa que üòã,0,41302.0,fede
205,205.0,205.0,205.0,205.0,205.0,,,,,,,,,,,@maiazogee Lluvia de agua m√°s que de estrellas jajajajajajajaja,1,79772.0,fede
206,206.0,206.0,206.0,206.0,206.0,,,,,,,,,,,Juega que si llueve en fin de a√±o active una re joda en casa,0,105716.0,fede
207,207.0,207.0,207.0,207.0,207.0,,,,,,,,,,,Ay no üò≠üò≠ les juro que estoy cagada hasta las patas del miedo que le tengo a esta tormenta üò≠üò≠üò≠,1,5901.0,fede
208,208.0,208.0,208.0,208.0,208.0,,,,,,,,,,,"Team Rebellion Racing_ Dialogo por radio , Lotterer termina preguntando a los Tecnicos del pit. Apuntando a que???   Ademas insiste, no es facil conducir bajo estas condiciones de üåÇ lluvia  y  entender en el cockpit lo que quieren decirme.\_Lotterer expiloto Audi supercar hibr. https://t.co/oOx0FGbaHF",0,39325.0,fede
209,209.0,209.0,209.0,209.0,209.0,,,,,,,,,,,Culia la primera vez que iba a salir en el a√±o y llueve,1,103388.0,fede
210,210.0,210.0,210.0,210.0,210.0,,,,,,,,,,,Se viene la tormenta. Sin luz. Calor insoportable. Mosquitos por docenas. Me quiero morir.,0,104403.0,fede
211,211.0,211.0,211.0,211.0,211.0,,,,,,,,,,,lluvia¬°¬°¬°,0,44020.0,fede
212,212.0,212.0,212.0,212.0,212.0,,,,,,,,,,,Lluvia querida üòç,1,80487.0,fede
213,213.0,213.0,213.0,213.0,213.0,,,,,,,,,,,"@BubbIa__ @patussok @LasHeteras @marupink @exsetero @CRAlS2017 @YoCasto Una vez , cuando era chica,  entr√≥ una centella a la cocina... impact√≥ en la canilla de la cocina, fue un resplandor impresionante..el rayo habia caido en un √°rbol del jardin",0,69782.0,fede
214,214.0,214.0,214.0,214.0,214.0,,,,,,,,,,,"aunque yo me oculte tras la monta√±a y encuentre un campo lleno de ca√±a, no habr√° manera mi rayo de luna que t√∫ te vayas",0,39560.0,fede
215,215.0,215.0,215.0,215.0,215.0,,,,,,,,,,,Que linda la lluvia solo me falta compa√±√≠a y estar√≠amos ü§ó‚ô•Ô∏è,1,34156.0,fede
216,216.0,216.0,216.0,216.0,216.0,,,,,,,,,,,@GabyAnabel23 no me puedo dormir solo con esta lluvia üò™,1,31546.0,fede
217,217.0,217.0,217.0,217.0,217.0,,,,,,,,,,,Lluvia??? Ohh seee!! Mis o√≠dos tienen un orgasmo üôà,1,81245.0,fede
218,218.0,218.0,218.0,218.0,218.0,,,,,,,,,,,avisame si falla el rayo,0,74374.0,fede
219,219.0,219.0,219.0,219.0,219.0,,,,,,,,,,,"Que lindo dormir con el chongo y la lluvia de fondo, lastima que me falta el chongo",0,16189.0,fede
220,220.0,220.0,220.0,220.0,220.0,,,,,,,,,,,@Gamuza37721090 Lluvia a pleno. Buen d√≠a,1,68845.0,fede
221,221.0,221.0,221.0,221.0,221.0,,,,,,,,,,,@araaSca Anoche amagaron y esta ma√±ana hasta reci√©n tambi√©n ! Pero por suerte tenemos ! Pero llueve mucho ! üòê,1,770.0,fede
222,222.0,222.0,222.0,222.0,222.0,,,,,,,,,,,Llueve?¬ø???¬ø¬ø?¬ø,0,107948.0,fede
223,223.0,223.0,223.0,223.0,223.0,,,,,,,,,,,Est√° anunciado lluvia para toda la semana llega a llover el s√°bado y me muero nos√© üôç,0,69193.0,fede
224,224.0,224.0,224.0,224.0,224.0,,,,,,,,,,,Truenos de mierdaüôÑ,1,14757.0,fede
225,225.0,225.0,225.0,225.0,225.0,,,,,,,,,,,Lluvia metele nomasüòçüòç,0,30122.0,fede
226,226.0,226.0,226.0,226.0,226.0,,,,,,,,,,,Si llueve va ser una siesta perfecta para miüôè,0,105215.0,fede
227,227.0,227.0,227.0,227.0,227.0,,,,,,,,,,,Se presta la lluvia pa dormir acompa√±ada,1,61221.0,fede
228,228.0,228.0,228.0,228.0,228.0,,,,,,,,,,,Cosa hermosa las tormentas üòç,0,81572.0,fede
229,229.0,229.0,229.0,229.0,229.0,,,,,,,,,,,Seguro llueve,0,104269.0,fede
230,230.0,230.0,230.0,230.0,230.0,,,,,,,,,,,"Dicen pobre Uruguay (por la tormenta)...
Pero........ ‚§µÔ∏è https://t.co/qXxdD3GPAn",0,92724.0,fede
231,231.0,231.0,231.0,231.0,231.0,,,,,,,,,,,Que lindo dormir con lluvia ‚ù§,1,56687.0,fede
232,232.0,232.0,232.0,232.0,232.0,,,,,,,,,,,Que linda lluvia locoüòçüòçüòç,1,8892.0,fede
233,233.0,233.0,233.0,233.0,233.0,,,,,,,,,,,Ya no me gustan mas los dias nublados y con lluvia nanana mansa depre loco,0,17035.0,fede
234,234.0,234.0,234.0,234.0,234.0,,,,,,,,,,,q lindo dormir con lluvia se√±or,1,77925.0,fede
235,235.0,235.0,235.0,235.0,235.0,,,,,,,,,,,lluvia y a jugar.... https://t.co/arsC6sIJHo,0,57005.0,fede
236,236.0,236.0,236.0,236.0,236.0,,,,,,,,,,,"Me anote p nataci√≥n,  alpedo siempre llueve cuando voy.  Petiton triunfando",0,92740.0,fede
237,237.0,237.0,237.0,237.0,237.0,,,,,,,,,,,"lo r√°pido que se organizaron mis amigas para venir a desayunar al centro, ni la tormenta las par√≥, o la tormenta es por culpa de ellas...",0,96323.0,fede
238,238.0,238.0,238.0,238.0,238.0,,,,,,,,,,,Cocinamos con Ulises y llueve ü§¶,1,54571.0,fede
239,239.0,239.0,239.0,239.0,239.0,,,,,,,,,,,Buen f√∫tbol en la lluvia ‚öΩÔ∏è,0,84642.0,fede
240,240.0,240.0,240.0,240.0,240.0,,,,,,,,,,,@MussoRamiro @kiki_oliva Demostr√° que no solo serv√≠s para colgar la tornadoüòÇ,0,58519.0,fede
241,241.0,241.0,241.0,241.0,241.0,,,,,,,,,,,Y la lluvia pa cuando?,0,8881.0,fede
242,242.0,242.0,242.0,242.0,242.0,,,,,,,,,,,"Antes odiaba los dias de lluvia, ahora los amo con todo mi ser! 
Que lindo martes beb√©!!",0,68194.0,fede
243,243.0,243.0,243.0,243.0,243.0,,,,,,,,,,,"el pron√≥stico de ma√±ana a la ma√±ana da lluvia, pero con la suerte que tengo seguro sale alto sol",0,32824.0,fede
244,244.0,244.0,244.0,244.0,244.0,,,,,,,,,,,Linda lluvia para dormir abrazados y yo sin vos,1,90540.0,fede
245,245.0,245.0,245.0,245.0,245.0,,,,,,,,,,,@SantiagoRossi45 Que facha el tornado lpm,0,11423.0,fede
246,246.0,246.0,246.0,246.0,246.0,,,,,,,,,,,Q lindo q llueve,1,80250.0,fede
247,247.0,247.0,247.0,247.0,247.0,,,,,,,,,,,Toda la semana un sol que raja la tierra pero llega el sabado que hay de todo y llueve como la concha de tu hermana,1,6574.0,fede
248,248.0,248.0,248.0,248.0,248.0,,,,,,,,,,,Yendo a consulta con esta lluvia deber√≠an aprobarme solo por no quedarme durmiendo,1,65140.0,fede
249,249.0,249.0,249.0,249.0,249.0,,,,,,,,,,,"1. El chino, el mudo y Mat√≠as
2. Ir y volver caminando de mi casa al Kempes para ir a ver a Belgrano contra RAFAELA un lunes bajo la lluvia
3. Un 1-0 vs Velez en el torneo transici√≥n 2014 https://t.co/YPh1PdomOb",1,42235.0,fede
250,250.0,250.0,250.0,250.0,250.0,,,,,,,,,,,"""Ojal√° me cruce con alguien que tenga tantas ganas de so√±ar como yo, que no mienta ni se mienta, que baile entre las tormentas.""",0,58464.0,fede
251,251.0,251.0,251.0,251.0,251.0,,,,,,,,,,,@jormax76 Y la lluvia? @emergenciasAR,0,107748.0,fede
252,252.0,252.0,252.0,252.0,252.0,,,,,,,,,,,Buscando las ganas de volver a pn√° con esta lluvia,0,30395.0,fede
253,253.0,253.0,253.0,253.0,253.0,,,,,,,,,,,"Lluvia ‚òî, lluvia ‚òî y m√°s lluvia ‚òî",1,1963.0,fede
254,254.0,254.0,254.0,254.0,254.0,,,,,,,,,,,traigan un paragua y algo para la lluvia tambi√©n,1,90786.0,fede
255,255.0,255.0,255.0,255.0,255.0,,,,,,,,,,,Estoy acostada escuchando la lluvia √∫nicamente y me parece perfecto,1,45135.0,fede
256,256.0,256.0,256.0,256.0,,,,,,,,,,,,"en otros paises, los canales de noticias tienen tambien 4 camaras contando como se desarrolla una tormenta? durante 20 minutos?",0,10382.0,mechi
257,257.0,257.0,257.0,257.0,,,,,,,,,,,,"La otra vez que vine a buenos aires un fr√≠o de cagarse la noche del s√°bado, el domingo en la cancha cagado de calor. Ahora lluvia todo hoy y posiblemente ma√±ana tambi√©n, nunca un d√≠a normal no ?",1,9679.0,mechi
258,258.0,258.0,258.0,258.0,,,,,,,,,,,,Con esta lluvia est√° para estar de a 2,1,44215.0,mechi
259,259.0,259.0,259.0,259.0,,,,,,,,,,,,Se copo la lluvia,1,24669.0,mechi
260,260.0,260.0,260.0,260.0,,,,,,,,,,,,Hice esperar a mi mam√° abajo en el rayo del sol para poder terminar de descargar la playlist del pepo porque #prioridades,0,108494.0,mechi
261,261.0,261.0,261.0,261.0,,,,,,,,,,,,ay lluvia üòª,1,71775.0,mechi
262,262.0,262.0,262.0,262.0,,,,,,,,,,,,Lluvia con sol en Rosario https://t.co/6q4SvPIaz0,1,10762.0,mechi
263,263.0,263.0,263.0,263.0,,,,,,,,,,,,"Alguien me dice cuando va a llover ? Jajajaja 

Lluvia ya cansas",0,95012.0,mechi
264,264.0,264.0,264.0,264.0,,,,,,,,,,,,"Ahora #Tiempo en #Rosario Barrio Centro 
Temp.: 28.2¬∞C
Hum.: 23%
S.T.: 23.6¬∞C
Pres..: 1000.6hPa
Viento: 18Km/h WNW
Lluvia hoy: 0.0mm",1,37887.0,mechi
265,265.0,265.0,265.0,265.0,,,,,,,,,,,,"Ahora #Tiempo en #Rosario Barrio Centro 
Temp.: 33.6¬∞C
Hum.: 37%
S.T.: 35.2¬∞C
Pres..: 1003.3hPa
Viento: 4Km/h ESE
Lluvia hoy: 0.0mm",0,97352.0,mechi
266,266.0,266.0,266.0,266.0,,,,,,,,,,,,Amo los d√≠as de lluvia ‚õàÔ∏èüòä https://t.co/bhntC0AZqQ,0,106093.0,mechi
267,267.0,267.0,267.0,267.0,,,,,,,,,,,,"@marianita85 Nono... vino al grito de ""Leo, tu mujer me dijo que te avise una hora antes de que llegue la tormenta. Ya est√° en Casilda""

Juntamos todo, nos fuimos... y al llegar empez√≥ a llover. Es el mejor vecino.",1,98629.0,mechi
268,268.0,268.0,268.0,268.0,,,,,,,,,,,,@rubenmilito Y con lluvia,0,47725.0,mechi
269,269.0,269.0,269.0,269.0,,,,,,,,,,,,Peque√±o susto me pegue con el truenoüòÇ,1,28272.0,mechi
270,270.0,270.0,270.0,270.0,,,,,,,,,,,,"@Loiiiiiiii13 Rayos, me prestas un diccionario?",0,32161.0,mechi
271,271.0,271.0,271.0,271.0,,,,,,,,,,,,"Qu√© ser despreciable soy, todos los d√≠as de lluvia pasa lo mismo",0,65464.0,mechi
272,272.0,272.0,272.0,272.0,,,,,,,,,,,,me desperte con alta tormenta nananana menamor√©,1,45852.0,mechi
273,273.0,273.0,273.0,273.0,,,,,,,,,,,,Donde esta la lluvia que dec√≠an que iba a haber hoy???? Me niego a jugar con este calor ü§¶,0,9336.0,mechi
274,274.0,274.0,274.0,274.0,,,,,,,,,,,,"El clima en Rosario: mesa adentro el 31, anuncian lluvias hasta el 2 de enero https://t.co/hh9GnbiHGh v√≠a @rosariotres",0,103411.0,mechi
275,275.0,275.0,275.0,275.0,,,,,,,,,,,,"Bel√©n Perezlindo, encargada del √°rea de Comunicaci√≥n de la Biblioteca Popular del Paran√°, indic√≥ que el lunes por la ma√±ana, al llegar los... https://t.co/mrsHQArqoI",0,36940.0,mechi
276,276.0,276.0,276.0,276.0,,,,,,,,,,,,"Yo veo ami perros asusatados por esta tormenta , y me baja una tristeza por los perros y mascotas q estan en la calleüíî",1,65983.0,mechi
277,277.0,277.0,277.0,277.0,,,,,,,,,,,,Lo que odio de C√≥rdoba es la lluvia y las inundaciones mamita querida que horrible,0,30839.0,mechi
278,278.0,278.0,278.0,278.0,,,,,,,,,,,,"Datos actuales en #SantaFe
Barrio Colastin√© Norte:
T: 27.9¬∞C
H: 58%
ST: 29.1¬∞C
P: 1006.8hpa
Lluvia hoy: 22.5mm",0,107813.0,mechi
279,279.0,279.0,279.0,279.0,,,,,,,,,,,,"@MalenaBong Con la lluvia que se viene,mm vs desis",0,101084.0,mechi
280,280.0,280.0,280.0,280.0,,,,,,,,,,,,"√öltimo d√≠a, √∫ltimo s√°bado, √∫ltimo f√∫tbol, √∫ltimo mate, √∫ltimo tere, y ahora todos los mismo idiotas primer lluvia, primer d√≠a, primer cag√≥, no puedo ver m√°s esa idiotez!!!",0,107864.0,mechi
281,281.0,281.0,281.0,281.0,,,,,,,,,,,,"Hola ac√° en tabossi entre r√≠os no llueve pero refocila much√≠simo, anoche tronaba pero no pas√≥ nada y hoy tuvimos sol a pleno y mucho calor, en la zona del centro de entre r√≠os a echo desastre mucha piedra",1,73736.0,mechi
282,282.0,282.0,282.0,282.0,,,,,,,,,,,,Buscando alguien para ver la lluvia de estrellas ahre,0,78799.0,mechi
283,283.0,283.0,283.0,283.0,,,,,,,,,,,,"üö® Violencia sin fin: mataron a tres personas en las √∫ltimas horas

üëâ Una lluvia de balas que parece no acabar. Las v√≠ctimas fatales son un hombre de 35 a√±os y dos j√≥venes de 25 y 16 a√±os. Todos murieron en episodios distintos

‚û°Ô∏è https://t.co/NxaglE1ZtB https://t.co/leoono9PZ4",0,54427.0,mechi
284,284.0,284.0,284.0,284.0,,,,,,,,,,,,"Reci√©n capture el momento justo en el que un rayo dej√≥ sin luz a Barrio San Mart√≠n y cercan√≠as üò±

-
-
#rayo #tormenta #cordobaargentina #Thunderbolt #epec @ElDoce @tele8noticias https://t.co/GjJo8Oi4r6",1,100216.0,mechi
285,285.0,285.0,285.0,285.0,,,,,,,,,,,,nunca en mi vida habia visto tantos rayos asi de gigantes https://t.co/KDb8TaB3hB,0,28667.0,mechi
286,286.0,286.0,286.0,286.0,,,,,,,,,,,,"Estoy re mil podrido de mojarme con esta lluvia, parece joda",1,12634.0,mechi
287,287.0,287.0,287.0,287.0,,,,,,,,,,,,"""Sabr√° Dios si la lluvia es bendita pal que tiene techo, o disgracia o castigo del cielo, pal desamparau""(J.L.)",0,27675.0,mechi
288,288.0,288.0,288.0,288.0,,,,,,,,,,,,Que feliz que soy con un domingo de lluvia y con un guiso de arrozüê∑,1,50271.0,mechi
289,289.0,289.0,289.0,289.0,,,,,,,,,,,,Pero que soledad con esta lluvia,1,81445.0,mechi
290,290.0,290.0,290.0,290.0,,,,,,,,,,,,"Que cosa hermosa la lluvia, que hermosa las tormentas y el fr√≠o. Dios no puedo ser m√°s fan #1 porque no me da el tiempo A M O (mimo al alma dormir con el sonido de la tormenta de fondo)",0,26743.0,mechi
291,291.0,291.0,291.0,291.0,,,,,,,,,,,,"@RelampagoEdu El Granizo en la localidad de Maria Juana, se di√≥ el d√≠a Sabado por la tarde!!!",1,19605.0,mechi
292,292.0,292.0,292.0,,,,,,,,,,,,,"Si no llueve tengo que salir, no me queda otra",0,108625.0,Seba
293,293.0,293.0,293.0,,,,,,,,,,,,,AMO la lluvia,0,103325.0,Seba
294,294.0,294.0,294.0,,,,,,,,,,,,,"@Mica_Meira Es lo m√°s lindo del mundo la lluvia, no s√© que dec√≠s",0,80179.0,Seba
295,295.0,295.0,295.0,,,,,,,,,,,,,Con lluvia y todo nosotros viajamos igual ü§ó,0,18569.0,Seba
296,296.0,296.0,296.0,,,,,,,,,,,,,"19h ClimaRafaela: Temp. 22.4 ¬∞C, Hum. 81 %, Bar. 992.1 mbar, Lluvia 25.9 mm, Viento 13.3 km/h S #Weathercloud",1,19766.0,Seba
297,297.0,297.0,297.0,,,,,,,,,,,,,"Fui al gimnasio y me estoy yendo a voley, si viene una tormenta el√©ctrica ya saben el porqu√©",0,15652.0,Seba
298,298.0,298.0,298.0,,,,,,,,,,,,,Y la lluvia?,0,9745.0,Seba
299,299.0,299.0,299.0,,,,,,,,,,,,,Lluvia ya te odio,0,37706.0,Seba
300,300.0,300.0,300.0,,,,,,,,,,,,,Qien me puede asegurar qe para el 25 no llueve? Porqe donde me meto la entrada de caliope? Jajajajaja dej aa,0,89765.0,Seba
301,301.0,301.0,301.0,,,,,,,,,,,,,y sera le unico que lo arrecha la lluvia ?¬ø o.O,0,12914.0,Seba
302,302.0,302.0,302.0,,,,,,,,,,,,,Te amo lluvia,0,33321.0,Seba
303,303.0,303.0,303.0,,,,,,,,,,,,,@roccialejandra La cordi con lluvia,0,24807.0,Seba
304,304.0,304.0,304.0,,,,,,,,,,,,,"Tremenda lluvia, el viento a 70km/h q culiaw, nada q me voy che",1,82997.0,Seba
305,305.0,305.0,305.0,,,,,,,,,,,,,"Ah, pero con Infinity War *lluvia de spoilers* https://t.co/5HZpqpzquz",0,88240.0,Seba
306,306.0,306.0,306.0,,,,,,,,,,,,,@dra_rocks @FulanaSinFiltro ojo tambien con las tormentas!!!,0,109005.0,Seba
307,307.0,307.0,307.0,,,,,,,,,,,,,"Con la cantidad de lluvia que esta pronosticado en los pr√≥ximos diez d√≠as, como se atreven a organizar pool partys?",0,96301.0,Seba
308,308.0,308.0,308.0,,,,,,,,,,,,,Con esta lluvia te estaria necesitando ahora conmigo acostados abrazados y decirte cuanto te extra√±o..,1,62705.0,Seba
309,309.0,309.0,309.0,,,,,,,,,,,,,Esta lluvia se presta para estar con vos,1,53483.0,Seba
310,310.0,310.0,310.0,,,,,,,,,,,,,Como amo la lluviaüòç,0,93651.0,Seba
311,311.0,311.0,311.0,,,,,,,,,,,,,Necesito helado con esta lluvia,1,66115.0,Seba
312,312.0,312.0,312.0,,,,,,,,,,,,,"11h Agvnet CDU: Temp. 23.4 ¬∞C, Hum. 55 %, Bar. 1005.9 hPa, Lluvia 0 mm, Viento 23.4 km/h NE #Weathercloud",0,18288.0,Seba
313,313.0,313.0,313.0,,,,,,,,,,,,,@halconada La tobillera.... recibir√° descargas de rayos si hay alguna tormenta el√©ctrica? ü§î,0,68182.0,Seba
314,314.0,314.0,314.0,,,,,,,,,,,,,"@Marcosbordigoni Aparentemente lo quer√≠an vender a Europa, no est√° mal. Pero el pron√≥stico lo sab√≠an. Quiz√°s los estadios deber√≠an estar en mejores condiciones, aunque si llueve mucho y en poco tiempo, no hay c√©sped q aguante.
Ojal√° se pueda jugar. Xq sino se vuelven infumables todos jaja",0,6188.0,Seba
315,315.0,315.0,315.0,,,,,,,,,,,,,"La lluvia y el mate se llevan muy bien üåßüòã‚òîÔ∏è

#BuenLunes
#DescubriTuLugar https://t.co/DnYkUbCRW9",1,48912.0,Seba
316,316.0,316.0,316.0,,,,,,,,,,,,,Deber√≠a ser ilegal ir a cursar con esta Lluvia,1,15977.0,Seba
317,317.0,317.0,317.0,,,,,,,,,,,,,"Muy linda la lluvia... hermosa para mi gusto, pero que chance hay de que frene un toque hasta que vuelva de trabajar? üßêü§î",1,25573.0,Seba
318,318.0,318.0,318.0,,,,,,,,,,,,,"7h ClimaRafaela: Temp. 16.3 ¬∞C, Hum. 51 %, Bar. 1004.4 mbar, Lluvia 0 mm, Viento 3.6 km/h E #Weathercloud",0,59117.0,Seba
319,319.0,319.0,319.0,,,,,,,,,,,,,"La concha d la yuta, pq mierda anda tan mal cablevision cuando hay tormenta",1,49858.0,Seba
320,320.0,320.0,320.0,,,,,,,,,,,,,Sent√≠ como llueve y yo no me puedo dormir,1,2168.0,Seba
321,321.0,321.0,321.0,,,,,,,,,,,,,Semejante tormenta para que no refresque un carajo üòë,1,69248.0,Seba
322,322.0,322.0,322.0,,,,,,,,,,,,,La tormenta era m√°s linda estando en mi casa y con mam√°,1,53288.0,Seba
323,323.0,323.0,323.0,,,,,,,,,,,,,No soporto que llueva odio la lluvia parece que me bajoneara mas,0,25886.0,Seba
324,324.0,324.0,324.0,,,,,,,,,,,,,@juliansaleme lluvia de ruedas,0,73958.0,Seba
325,325.0,325.0,325.0,,,,,,,,,,,,,"#VillaMaria 16:00 hs | Temp 35.4¬∞C Min=23.2¬∞C (04:46) Max=35.9¬∞C (15:46) | Hum.49 | Viento 8.6 km/h NE, Pres.979.5 hpa Lluvia   0.6 mm",0,107644.0,Seba
326,326.0,326.0,326.0,,,,,,,,,,,,,Me estoy llendo a trabajar y se larga la lluvia con todo üò© hermosa suerte la mia üôáüèΩ,1,31451.0,Seba
327,327.0,327.0,327.0,,,,,,,,,,,,,"Datos actuales en #SantaFe
Barrio Colastin√© Norte:
T: 34.4¬∞C
H: 46%
ST: 37.9¬∞C
P: 1001.9hpa
Lluvia hoy: 0.0mm",0,107831.0,Seba
328,328.0,328.0,328.0,,,,,,,,,,,,,@JGiardelli1 @Agustin_Botta1 Con esta lluvia sabes c√≥mo va a estar ma√±ana ?? Tenemos q salir si o si,1,18982.0,Seba
329,329.0,329.0,329.0,,,,,,,,,,,,,"escucha como llueve amigo, nas ganasss de morsear de a 2 culiaa",1,63885.0,Seba
330,330.0,330.0,330.0,,,,,,,,,,,,,"Lo mas lindo del d√≠a, irme a dormir con el sonido de la lluvia",1,17038.0,Seba
331,331.0,331.0,331.0,,,,,,,,,,,,,No se puede largar a llover ahora la puta madree. Tengo que cruzar el pueblo en bici y llueve re fuerteüò≠,1,94337.0,Seba
332,332.0,332.0,332.0,,,,,,,,,,,,,Dia de lluvia lo laburamos asi... https://t.co/gjq6KhBIsu,1,2481.0,Seba
333,333.0,333.0,333.0,,,,,,,,,,,,,"Esta lluvia, por favor,
Necesito estar todo el d√≠a en la cama",1,52235.0,Seba
334,334.0,334.0,334.0,,,,,,,,,,,,,Estoy sentada tranqui en el balc√≥n viendo los rayos con los pajaritos cantando de fondo y me parece perfecto,1,59415.0,Seba
335,335.0,335.0,335.0,,,,,,,,,,,,,"Ya lo intentamos todo durante un a√±o largo, tormentas y soledad con dolor",0,98302.0,Seba
336,336.0,336.0,336.0,,,,,,,,,,,,,El dilema de ir al gym con esta lluvia üåß  #MondayMood,1,26044.0,Seba
337,337.0,337.0,337.0,,,,,,,,,,,,,"#VillaMaria 22:00 hs | Temp 29.0¬∞C Min=23.0¬∞C (05:43) Max=37.9¬∞C (15:39) | Hum.80 | Viento 3.6 km/h E, Pres.980.1 hpa Lluvia   0.0 mm",0,99016.0,Seba
338,338.0,338.0,338.0,,,,,,,,,,,,,"¬°Buen d√≠a! #BuenMi√©rcoles, la ma√±ana comienza con el cielo despejado‚òÄÔ∏è despu√©s de varios d√≠as de lluvia. La temperatura actual es de 14.9¬∞C üå°Ô∏è.
Ponete #AlD√≠a con esta variedad y calidad de noticias auspiciadas por #SupermercadosLaReina https://t.co/zsMjCo38gQ",1,36713.0,Seba
339,339.0,339.0,339.0,,,,,,,,,,,,,Lluvia hija de mil puta,0,36069.0,Seba
340,340.0,340.0,340.0,,,,,,,,,,,,,Re piola la lluvia .üòçüòÇ,0,48437.0,Seba
341,341.0,341.0,341.0,,,,,,,,,,,,,Que esta lluvia no me corte la noche,1,57505.0,Seba
342,342.0,342.0,342.0,,,,,,,,,,,,,"Que la lluvia no te detenga!!
Sali√≥ hermoso entrenamiento!!
Felicitaciones a los guapos!!
La seguimos de 14 a 15.30
Y de 18 a 20
Llueva o truene!!",0,64713.0,Seba
343,343.0,343.0,343.0,,,,,,,,,,,,,"@SofiaParodi_ @luciribert ME PARECIA QUE ERA AZ7L, Cuando salimos a llorar en pedo con tormenta y la cana atr√°s AJAJAJJAJAJ",0,61930.0,Seba
344,344.0,344.0,344.0,,,,,,,,,,,,,"@matiaslongoni M√°s all√° de eso, creo que el problema empieza ahora, subi√≥ la napa, a partir de ahora cualquier lluvia moderada complica.",0,41117.0,Seba
345,345.0,345.0,345.0,,,,,,,,,,,,,"La lluvia, la birra y mis amigos üíñüíñ",1,80477.0,Seba
346,346.0,346.0,346.0,,,,,,,,,,,,,qui√©n me manda a volverme en plena lluvia,1,73098.0,Seba
347,347.0,347.0,347.0,,,,,,,,,,,,,Que linda la lluvia despu√©s de tanto calor,1,101444.0,Seba
348,348.0,348.0,348.0,,,,,,,,,,,,,Si dormir escuchando la lluvia es hermoso imaginate con vos al ladoüòïüòçüò≠,0,22182.0,Seba
349,349.0,349.0,349.0,,,,,,,,,,,,,No escuch√© ni la lluvia üòÖ,0,90132.0,Seba
350,350.0,350.0,350.0,,,,,,,,,,,,,"3h Agvnet CDU: Temp. 19.3 ¬∞C, Hum. 64 %, Bar. 1005.2 hPa, Lluvia 0 mm, Viento 6.1 km/h N #Weathercloud",0,64416.0,Seba
351,351.0,351.0,351.0,,,,,,,,,,,,,"@lidelaroc @silviamaltag74 @SilviaP2015 @serpilloc @dolomia4ever @Mariella_M @AngelaM62975838 @CodognoLorant56 @CasalinoManuela @MCristinafernn @DDurissini @MarcelaOla @AngeleriMassimo @479nea @soymariche @salitasyo @skyrun7 @clautenacity @elpibevarela @lu19lucia @ivancardenasmg @eperdomi Gracias querida Lili!!!! Lluvia de bendiciones para 2019
Abrazosüòòüíïüç∏üç∏",0,108531.0,Seba
352,352.0,352.0,352.0,,,,,,,,,,,,,"mmmmm llueve , ta lindo para estar con EEEEL",1,92282.0,Seba
353,353.0,353.0,353.0,,,,,,,,,,,,,Todoos mis hermanas van a salir hoyüò™ a ver si se en el medio de la noche las parte un rayo. Gracias.,0,67313.0,Seba
354,354.0,354.0,354.0,,,,,,,,,,,,,Ya espantaron la lluvia con sus estupideces manga de mogolicos,0,85767.0,Seba
355,355.0,355.0,355.0,,,,,,,,,,,,,Amo como llueve üòçüòç,1,1119.0,Seba
356,356.0,356.0,356.0,,,,,,,,,,,,,"#VillaMaria 12:00 hs | Temp 26.3¬∞C Min=16.3¬∞C (04:14) Max=26.8¬∞C (11:45) | Hum.40 | Viento 19.4 km/h NNE, Pres.990.2 hpa Lluvia   0.0 mm",0,48663.0,Seba
357,357.0,357.0,357.0,,,,,,,,,,,,,un dia esta lindo pero al otro llueve despues vuelve a estar lindo pero ahora vuelve a llover,1,80025.0,Seba
358,358.0,358.0,358.0,,,,,,,,,,,,,Lluvia y estudio NO van de la mano,0,67686.0,Seba
359,359.0,359.0,359.0,,,,,,,,,,,,,"Que linda noche de lluvia para dormir con ""vos""

Pongo ""vos"" por qu√© en realidad no tengo ning√∫n ""vos"" pero queda re piola decirlo",0,34250.0,Seba
360,360.0,360.0,360.0,,,,,,,,,,,,,Hoy que estaba ideal para tomar sol DORM√ç SIESTA. Acabo de ver el clima y dan lluvia hasta la semana que viene üôÑ,0,66452.0,Seba
361,361.0,361.0,361.0,,,,,,,,,,,,,"Faaaa mirame siempre as√≠ con esos ojitos hermosos que tenesssss, me moje y no fue con la lluvia, nnniaaaa",0,12579.0,Seba
362,362.0,362.0,362.0,,,,,,,,,,,,,"Puchito, balc√≥n y lluvia atr",1,28700.0,Seba
363,363.0,363.0,363.0,,,,,,,,,,,,,Que lindo dormir con lluvia üòç,0,34173.0,Seba
364,364.0,364.0,364.0,,,,,,,,,,,,,Existe algo mejor que la lluvia? La respuesta es no,0,93253.0,Seba
365,365.0,365.0,365.0,,,,,,,,,,,,,Hizo cuadro la lluvia,0,3672.0,Seba
366,366.0,366.0,366.0,,,,,,,,,,,,,#Tormentividades ‚õàÔ∏è#Rosario |  Otra jornada sin #Colectividades2018 por la lluvia üìå@CalleDRosario @TransitoRos @TransitoRosari @emergenciasAR üëáüèΩhttps://t.co/VPbeIkjVHW,0,21650.0,Seba
367,367.0,367.0,367.0,,,,,,,,,,,,,"Quer√©s venir a no dormir con esta lluvia? 

Enviar",1,32335.0,Seba
368,368.0,368.0,368.0,,,,,,,,,,,,,"Esta lluvia que ciega los cristales
alegrar√° en perdidos arrabales
las negras uvas de una parra en cierto
patio que ya no existe. La mojada
tarde me trae la voz, la voz deseada,
de mi padre que vuelve y que no ha muerto...
#Borges üíïüíï https://t.co/9iDaoIKiGJ",0,62852.0,Seba
369,369.0,369.0,369.0,,,,,,,,,,,,,Llueve como la puta madre pero me tomo un campari igual,1,4311.0,Seba
370,370.0,370.0,370.0,,,,,,,,,,,,,"Se esperan lluvias y tormentas desde ma√±ana hasta el s√°bado inclusive en la zona central/oeste. Ver√°n el sol, habr√° mejoramientos pero todos los d√≠as del periodo volver√° a desmejorar.

 INFORMACI√ìN HASTA LAS 12:30 DEL 25/11.",0,50311.0,Seba
371,371.0,371.0,371.0,,,,,,,,,,,,,Zarpada la lluvia de anoche!!!,1,56304.0,Seba
372,372.0,372.0,372.0,,,,,,,,,,,,,Llueve tengo fiebre y no estoy en mi cama. Estoy sufriendo,1,52482.0,Seba
373,373.0,373.0,373.0,,,,,,,,,,,,,"Mabeel la tormenta que se vienee üò≠‚ùå
ya me veo sin dormir esta noche ‚ùå",0,87794.0,Seba
374,374.0,374.0,374.0,,,,,,,,,,,,,Truenos de mierdaaaüòñ,1,74612.0,Seba
375,375.0,375.0,375.0,,,,,,,,,,,,,Chiquito rayo &gt;.&lt;,1,28702.0,Seba
376,376.0,376.0,376.0,,,,,,,,,,,,,Con lluvia se jug√≥ igual. El resultado? El mismo de siempre y a domicilio encima üëâüëå https://t.co/JJmQyVceQJ,0,6668.0,Seba
377,377.0,377.0,377.0,,,,,,,,,,,,,"üéâüéâ ¬°Fiesta en el Centro Cultural Parque de Espa√±a! üéâüéâ

üéà Veinticinco a√±os desde la chispa fundacional. 

M√∫sica en vivo / visuales / gastronom√≠a espa√±ola.

Este #domingo, 20.30 h. Entrada con consumici√≥n: $70. En caso de lluvia, se reprograma para el lunes 3. https://t.co/k0qzrzGQOd",0,56320.0,Seba
378,378.0,378.0,378.0,,,,,,,,,,,,,"En serio hay personas as√≠? Ojal√° nunca te pase, no te das una idea de lo mal que la est√°n pasando todas esas personas. Raro que con tanta lluvia no te ha llegado el agua al tanque https://t.co/hJKpjfb2ex",0,25946.0,Seba
379,379.0,379.0,379.0,,,,,,,,,,,,,"Lluvia? En el chiquero, con 9.. Como sea, donde sea..! ""Papa"" https://t.co/WbCuVXQjfY",0,8697.0,Seba
380,380.0,380.0,380.0,,,,,,,,,,,,,"Ma√±ana queria empezar a correr, lluvia de mierda",0,81693.0,Seba
381,381.0,381.0,381.0,,,,,,,,,,,,,Un dia esta soleado y hace un calor que es insoportable y al otro hace frio y llueve. Re loco este clima‚òÄÔ∏èüå°üåß,0,81274.0,Seba
382,382.0,382.0,382.0,,,,,,,,,,,,,"@SofiaPasqualis1 JAJAJAJAJJAA siempre llovia en mis francos, ahora q ya no trabajo llueve cuando tengo que salir la vida me odia",0,103970.0,Seba
383,383.0,383.0,383.0,,,,,,,,,,,,,"Si viene tormenta o algo m√°s fuerte, soy yo que me puse a estudiar",0,52950.0,Seba
384,384.0,384.0,384.0,,,,,,,,,,,,,La lluvia üòç,0,32712.0,Seba
385,385.0,385.0,385.0,,,,,,,,,,,,,"@AbriiPauul Aguanta mala, si llueve se mojan todos no? Xd",0,8927.0,Seba
386,386.0,386.0,386.0,,,,,,,,,,,,,"Tambi√©n solicitaron una soluci√≥n urgente con el desag√ºe de la Plaza del Bioqu√≠mico y alrededores, dado que se rompi√≥ ""el puente"" que ellos hab√≠an hecho e ingres√≥ agua en sus viviendas ubicadas sobre el Canal Maestro Sur, tras las √∫ltimas lluvias. https://t.co/7X6zz60snB",0,15555.0,Seba
387,387.0,387.0,387.0,,,,,,,,,,,,,Ya estar√≠amos con la lluvia eh..,1,22934.0,Seba
388,388.0,388.0,388.0,,,,,,,,,,,,,"12h Agvnet CDU: Temp. 25.9 ¬∞C, Hum. 25 %, Bar. 1004.7 hPa, Lluvia 0 mm, Viento 13.3 km/h SO #Weathercloud",0,59141.0,Seba
389,389.0,389.0,389.0,,,,,,,,,,,,,"Lave mi moto y recib√≠ millones de mensajes de mis amig@s diciendome que convoc√≥ a la lluvia JAJAJAJ. (Pero si, seguramente llueve, esa mi suerte jajajsj)",0,42595.0,Seba
390,390.0,390.0,390.0,,,,,,,,,,,,,@AlejandroSanz est√°s con tus musas??? Yo estoy con las m√≠as pero la lluvia no me  deja  concentrar....,0,22475.0,Seba
391,391.0,391.0,391.0,,,,,,,,,,,,,"Que lindo dormir con lluvia, me falta √©l.",1,18660.0,Seba
392,392.0,392.0,392.0,,,,,,,,,,,,,üåß‚õàÔ∏è Hermoso haberme dormido escuchando la lluvia; me despierto y sigue la lluvia. ‚ù§‚ù§AMO‚ù§‚ù§ ¬øAlguna duda de que no voy a salir de mi casa? ‚òîüåÇ,1,20.0,Seba
393,393.0,393.0,393.0,,,,,,,,,,,,,#ClimaCordoba Temperatura: 18 ¬∫C - Tormentas - Sensaci√≥n T√©rmica: 18 ¬∞C - Humedad: 88 % - Viento: 30 km/h Suroeste - Datos de Hora: 00:41:00 #Clima #C√≥rdoba #Tiempo,0,54826.0,Seba
394,394.0,394.0,394.0,,,,,,,,,,,,,Nada m√°s feo que ir caminando por el centro con la tormenta y que un auto te ba√±e por completo de agua.,0,56520.0,Seba
395,395.0,395.0,395.0,,,,,,,,,,,,,@zurchercarolina Yo te doy un abrazo de oso. Esta noche (si es que no llueve jaja),0,28641.0,Seba
396,396.0,396.0,396.0,,,,,,,,,,,,,Mejor no pongo para que est√°n lindas las noches de lluvia üòÇ,0,22914.0,Seba
397,397.0,397.0,397.0,,,,,,,,,,,,,Y la lluvia? Y candela? https://t.co/TMwKnPiJcs,0,80214.0,Seba
398,398.0,398.0,398.0,,,,,,,,,,,,,Como les explico lo mucho que me dan miedo las tormentas y estoy durmiendo sola porque mi mama no quiere venir conmigo,0,75133.0,Seba
399,399.0,399.0,399.0,,,,,,,,,,,,,"Dios, la lluvia a la hora de dormir es unas de las sietes maravillas del mundo üòçüòçüòçüòçüòçüòçüòç",1,46208.0,Seba
400,400.0,400.0,400.0,,,,,,,,,,,,,Che todo bien con la lluvia pero yo tengo q hacer cosas,1,92911.0,Seba
401,401.0,401.0,401.0,,,,,,,,,,,,,Adivina si lav√© el auto ayer y ahora llueve como la puta madre,1,49287.0,Seba
402,402.0,402.0,402.0,,,,,,,,,,,,,Fin de semana con abundantes lluvias. Recomiendan limpiar canaletas  #Rosario @emergenciasAR,0,7365.0,Seba
403,403.0,403.0,403.0,,,,,,,,,,,,,Un miedo esta tormenta,1,77743.0,Seba
404,404.0,404.0,404.0,,,,,,,,,,,,,De rayos gamma a rayos X: un nuevo m√©todo permite descubrir una emisi√≥n de los p√∫lsares previamente¬†desconocida https://t.co/deTwv6w9zy https://t.co/CsKX7N9NWm,0,43927.0,Seba
405,405.0,405.0,405.0,,,,,,,,,,,,,"Mientras no llega la lluvia, se espera un s√°bado caluroso en la ciudad https://t.co/CmK98dCqVk",0,2048.0,Seba
406,406.0,406.0,406.0,,,,,,,,,,,,,Hasta cuando la lluvia hermano üòëüòë,0,12758.0,Seba
407,407.0,407.0,407.0,,,,,,,,,,,,,A los que aman el verano: 12 de noviembre y hacen 18 grados y con lluvia! Aguante el fr√≠o caretas,1,30291.0,Seba
408,408.0,408.0,408.0,,,,,,,,,,,,,"Mates, estudio y lluvia de fondoüëå‚òî‚òÅ",1,13879.0,Seba
409,409.0,409.0,409.0,,,,,,,,,,,,,"No me queje de que se cort√≥ la luz porque la noche nos regal√≥ un show de rayos a oscuras.
Digno de ver para los que estamos sentados en una reposera afuera de casa..",1,21079.0,Seba
410,410.0,410.0,410.0,,,,,,,,,,,,,Esa lluvia üòç,0,60747.0,Seba
411,411.0,411.0,411.0,,,,,,,,,,,,,Tormenta no pod√©s esperar hasta que vuelva de la peluquer√≠a??,1,9159.0,Seba
412,412.0,412.0,412.0,,,,,,,,,,,,,"Que lindo le llueve, que no pare m√°s ahora üòÇ",1,85542.0,Seba
413,413.0,413.0,413.0,,,,,,,,,,,,,Como LLUEVE LCDSM NO ME ANDA NAAADAAAAAA,1,72388.0,Seba
414,414.0,414.0,414.0,,,,,,,,,,,,,lluvia de mierda me dejo sin luz y me mojo toda la cama,0,76866.0,Seba
415,415.0,415.0,415.0,,,,,,,,,,,,,flashie que hab√≠a parado la lluvia fo,1,33041.0,Seba
416,416.0,416.0,416.0,,,,,,,,,,,,,"#BuenMi√©rcoles
Cielo parcial cubierto a cubierto con mejoramientos temporales. Condiciones inestables a algo inestables. Alguna posibilidad de lluvias d√©biles y dispersas durante la jornada no descart√°ndose alg√∫n eventos m√°s intenso. https://t.co/5FDiCX8ZHQ",1,70731.0,Seba
417,417.0,417.0,417.0,,,,,,,,,,,,,"22h Agvnet CDU: Temp. 20.4 ¬∞C, Hum. 48 %, Bar. 998.6 hPa, Lluvia 0 mm, Viento 12.2 km/h S #Weathercloud",0,61730.0,Seba
418,418.0,418.0,418.0,,,,,,,,,,,,,Que lindo jugar con lluvia ‚öΩ,0,104063.0,Seba
419,419.0,419.0,419.0,,,,,,,,,,,,,"Llueve. Feliz d√≠a a los que hacen, adem√°s de solo decir o parecer. https://t.co/TEvxjQgRru",1,39930.0,Seba
420,420.0,420.0,420.0,,,,,,,,,,,,,"9h ClimaRafaela: Temp. 23.4 ¬∞C, Hum. 49 %, Bar. 998.7 mbar, Lluvia 0 mm, Viento 7.2 km/h NNE #Weathercloud",0,37798.0,Seba
421,421.0,421.0,421.0,,,,,,,,,,,,,"Despertarme a esta hora con la lluvia de fondo, cagada de hambre no tiene perd√≥n üòíüê∑",1,90267.0,Seba
422,422.0,422.0,422.0,,,,,,,,,,,,,Gracias Twitter Argentina por hacerme enterar que llueve. (?) https://t.co/NaeoicxCgx,0,100461.0,Seba
423,423.0,423.0,423.0,,,,,,,,,,,,,"15h ClimaRafaela: Temp. 26.1 ¬∞C, Hum. 54 %, Bar. 1001.6 mbar, Lluvia 0 mm, Viento 13.7 km/h SSO #Weathercloud",0,54201.0,Seba
424,424.0,424.0,424.0,,,,,,,,,,,,,Si dios no existe... c√≥mo explicas la lluvia??¬ø? üòé jaque mate ateos https://t.co/3RQ7QlgK6x,0,103718.0,Seba
425,425.0,425.0,425.0,,,,,,,,,,,,,Truenos o bombas ? La puta madre quiero dormir,0,53168.0,Seba
426,426.0,426.0,426.0,,,,,,,,,,,,,yo queriendo ver la lluvia de estrellas con vos y vos queriendo verla con ella,0,66678.0,Seba
427,427.0,427.0,427.0,,,,,,,,,,,,,"Lo √∫nico que te diferenciaba de directv es que se pod√≠a ver bien los d√≠as de lluvia y viento ahora ni eso, son un asco @CableFibertel",0,17891.0,Seba
428,428.0,428.0,428.0,,,,,,,,,,,,,Ya se puede largar la lluvia,0,103617.0,Seba
429,429.0,429.0,429.0,,,,,,,,,,,,,"""Lo agarre de cabeza al rayo"" dijo Motta
""Quede diciendo dieciuno"" 
JAJAJAJAAJAJAJAJJAJAAJAJ",0,81247.0,Seba
430,430.0,430.0,430.0,,,,,,,,,,,,,"Un mes vacunando chic@s casa por casa y hasta con lluvia, hablame de amor a la profesion",0,51597.0,Seba
431,431.0,431.0,431.0,,,,,,,,,,,,,Hermosa lluvia para dormir con eia üòç y solamente eia üòç,1,60755.0,Seba
432,432.0,432.0,432.0,,,,,,,,,,,,,Se espera una semana inestable con tormentas el√©ctricas  https://t.co/ILgLQxLqrU v√≠a @Lv16com,0,83478.0,Seba
433,433.0,433.0,433.0,,,,,,,,,,,,,üåßÔ∏èNuevas lluvias dar√°n impulso a la soja. Mir√° el informe exclusivo de clima auspiciado por @L2_LaSegunda üëáhttps://t.co/hYoRfehtDA,0,105067.0,Seba
434,434.0,434.0,434.0,,,,,,,,,,,,,"Reci√©n me entero que a la ma√±ana se vino la re tormenta, yo me levant√© re dormida a trabar la puerta de mi pieza galp√≥n y segui durmiendo como una campeona. Ni me enter√©  ü§£ü§£",0,67493.0,Seba
435,435.0,435.0,435.0,,,,,,,,,,,,,Hace 2 horas estoy esperando que pare la lluvia para salir a correr ._.,1,33410.0,Seba
436,436.0,436.0,436.0,,,,,,,,,,,,,Qu√© cosa hermosa la lluviaüòç,1,16582.0,Seba
437,437.0,437.0,437.0,,,,,,,,,,,,,La lluvia le afecto el cerebro,0,55961.0,Seba
438,438.0,438.0,438.0,,,,,,,,,,,,,Aca cn la Uma arriba m√≠o porque le tiene miedo a las tormentas,0,99715.0,Seba
439,439.0,439.0,439.0,,,,,,,,,,,,,"@Lautiio3 Est√° escrito en la Biblia que si no llueve el d√≠a del baile, llueve uno o dos d√≠as antes",0,93220.0,Seba
440,440.0,440.0,440.0,,,,,,,,,,,,,Incre√≠ble lo inundado y autos quedados en la Flore,1,1531.0,Seba
441,441.0,441.0,441.0,,,,,,,,,,,,,"Llueve y te pinta enredar piernas  
*no lo digas
*no lo digas
*no lo digas
*no lo digas
*no lo digOjal√° dejemos de ser tan artistas y me hables, quiero verte",0,91135.0,Seba
442,442.0,442.0,442.0,,,,,,,,,,,,,Con esta lluvia se trabaja igual,1,99551.0,Seba
443,443.0,443.0,443.0,,,,,,,,,,,,,LLORASTE TANTO RIBER PLEY QUE TUS L√ÅGRIMAS SE TRANSFORMARON EN LLUVIA LA RE CONCHA DE TU MADRE,0,8137.0,Seba
444,444.0,444.0,444.0,,,,,,,,,,,,,Esta tormenta se viene m√°s fuerte que eiaa un s√°bado por la noche! Se me va a volar el rancho üòÇ,0,94915.0,Seba
445,445.0,445.0,445.0,,,,,,,,,,,,,@DevauxFlor Mucha tormenta para salir a caminar querida,0,81979.0,Seba
446,446.0,446.0,446.0,,,,,,,,,,,,,Metrov√≠as informa... un sin fin de excusas evadiendo cualquier tipo de responsabilidad ante la desidia a la que expone cada vez que llueve a sus trabajadorxs y usuarixs. trabajamos ante el peligro de la electricidad que llega a 800V de corriente continua en el caso la linea B,0,90065.0,Seba
447,447.0,447.0,447.0,,,,,,,,,,,,,Se corto la luz y se vino la lluvia con viento lpm...,1,101577.0,Seba
448,448.0,448.0,448.0,,,,,,,,,,,,,"En este momento cuando est√°s a la luz de las velas porque la tormenta corto la luz en tu barrio, y tenes 2% de bater√≠a te das cuenta lo necesario que es el cargador port√°til",1,87455.0,Seba
449,449.0,449.0,449.0,,,,,,,,,,,,,No llueve y yo empiezo a matar gente o me voy a tener que sentar a tomar p olvidarme del dolor de pierna üíÅüòÖ,0,103326.0,Seba
450,450.0,450.0,450.0,,,,,,,,,,,,,"Esta lluvia, los Vengadores y mi novio. Mejor plan del mundo üíö",1,60852.0,Seba
451,451.0,451.0,451.0,,,,,,,,,,,,,Todavia sigo esperando la lluvia de estrellas.üòë,0,88387.0,Seba
452,452.0,452.0,452.0,,,,,,,,,,,,,soy fan de los rayos,0,23629.0,Seba
453,453.0,453.0,453.0,,,,,,,,,,,,,"Es domingo y duermo con mi novio, con raz√≥n la lluvia de lunes a jueves üò®üòÇüò®üòÇ",0,49732.0,Seba
454,454.0,454.0,454.0,,,,,,,,,,,,,luka me manda videos de la tormenta desde la ventana del cuarto y es lo m√°s placentero que pueda existir,0,69277.0,Seba
455,455.0,455.0,455.0,,,,,,,,,,,,,Lo peor de  este calor es q estoy  parada al rayo del  sol  derretida del  maquillaje,0,89538.0,Seba
456,456.0,456.0,456.0,,,,,,,,,,,,,"El tiempo #en Santa Fe:
Barrio Constituyentes
T: 25.9¬∞C
H: 54%
ST: 25.9¬∞C
P: 1007.8hPa
Lluvia hoy: 6.9mm.",0,107812.0,Seba
457,457.0,457.0,457.0,,,,,,,,,,,,,"Ahora #Tiempo en #Rosario Barrio Centro 
Temp.: 23.1¬∞C
Hum.: 52%
S.T.: 21.9¬∞C
Pres..: 1002.7hPa
Viento: 10Km/h W
Lluvia hoy: 0.0mm",0,59682.0,Seba
458,458.0,458.0,458.0,,,,,,,,,,,,,@juli_eta1 Si pinta... cuando llueve con sol üòÖ,0,15462.0,Seba
459,459.0,459.0,459.0,,,,,,,,,,,,,Y bueno habr√° que salir un rato y no a ver si llueve,0,88133.0,Seba
460,460.0,460.0,460.0,,,,,,,,,,,,,que si estoy escuchando suenan las alarmas llorando mientras llueve????????????? SI.,1,50247.0,Seba
461,461.0,461.0,461.0,,,,,,,,,,,,,"¬°Buenos d√≠as para todos! Comenzamos este mi√©rcoles con una temperatura de 18,1¬∫ en la ciudad de San Luis. La m√°xima pronosticada es de 30¬∫, por la tarde se anuncian tormentas. 
Compartimos nuestros t√≠tulos para arrancar el d√≠a bien informados: https://t.co/xYWbVXbXv5",0,92879.0,Seba
462,462.0,462.0,462.0,,,,,,,,,,,,,@hemmxsturbate Y vos qu√© hac√≠as viajando en colectivo? Ma√±ana llueve,0,63448.0,Seba
463,463.0,463.0,463.0,,,,,,,,,,,,,ya tormenta ya est√° la concha de tu madre üôÑ,1,101734.0,Seba
464,464.0,464.0,464.0,,,,,,,,,,,,,"Hola, no me gustan las tormentas. Quer√©s venir a s dormir conmigo ? Hago pururus muy ricos, pensalo. 
Enviar",0,14710.0,Seba
465,465.0,465.0,465.0,,,,,,,,,,,,,lluvia de √°rboles y chapas skeeeere,0,69937.0,Seba
466,466.0,466.0,466.0,,,,,,,,,,,,,"Quiero estar yendo a alg√∫n lado y morir en el camino, o q me choque un cole, o que me caiga un rayo, o que alguien me mate, o lo q sea pero ya entienden ustedes a lo q voy",0,69894.0,Seba
467,467.0,467.0,467.0,,,,,,,,,,,,,Gracias por tanto lluvia,0,20394.0,Seba
468,468.0,468.0,468.0,,,,,,,,,,,,,"La tormenta interminable podr√≠a hacer que refresque un poco, no?",1,28177.0,Seba
469,469.0,469.0,469.0,,,,,,,,,,,,,Yo re emoci√≥n anoche esperando la lluvia de estrellas y se cag√≥ lloviendo ni bosta jajajajajajajajü§¶üèΩ‚Äç‚ôÄÔ∏è,0,79864.0,Seba
470,470.0,470.0,470.0,,,,,,,,,,,,,De donde salio esta lluvia   igual mejor que llueva toda la noche,1,41717.0,Seba
471,471.0,471.0,471.0,,,,,,,,,,,,,"Que d√≠a del orto, s√≥lo rescato la lluvia y que es el cumple de Mari, nada mas",0,29921.0,Seba
472,472.0,472.0,472.0,,,,,,,,,,,,,Que ganas de joder lluvia.,1,94176.0,Seba
473,473.0,473.0,473.0,,,,,,,,,,,,,Con esta tormenta pretenden que estudie para el final de ma√±ana la puta madre que los pario ü•µü•∫,1,74912.0,Seba
474,474.0,474.0,474.0,,,,,,,,,,,,,wacho no puedo estar tan enamorada de trueno q waso hermoso,0,105493.0,Seba
475,475.0,475.0,475.0,,,,,,,,,,,,,"Me aprecie chomaso que llueva porque algunos compa√±eros cuando llueve no van al colegio, porque no pueden o que se yo, y chomaso que no vayan estos √∫ltimos d√≠as",0,52895.0,Seba
476,476.0,476.0,476.0,,,,,,,,,,,,,peeero que hermosa lluvia üòª,1,39857.0,Seba
477,477.0,477.0,477.0,,,,,,,,,,,,,"Lluvia+besos+gar....

‚ô°",0,31705.0,Seba
478,478.0,478.0,478.0,,,,,,,,,,,,,"#VillaMaria 21:00 hs | Temp 31.8¬∞C Min=23.6¬∞C (06:00) Max=37.2¬∞C (16:14) | Hum.56 | Viento 7.2 km/h NE, Pres.975.7 hpa Lluvia   0.0 mm",0,98986.0,Seba
479,479.0,479.0,479.0,,,,,,,,,,,,,"üóû  La primavera se resiste: tras dos d√≠as de sol, vuelven la lluvia y el fr√≠o https://t.co/HWvjaAiZTE | https://t.co/XxsV7LQ7Y7 #Rosario3 https://t.co/oFrhlh6Gv6",0,54953.0,Seba
480,480.0,480.0,480.0,,,,,,,,,,,,,"*La vida no es esperar que pase la tormenta. Es aprender a bailar bajo la lluvia* en C√≥rdoba, Argentina https://t.co/g2E4mraJq8",0,97597.0,Seba
481,481.0,481.0,481.0,,,,,,,,,,,,,Las lluvias y tormentas al momento vuelven ma√±ana a la zona central y el Litoral.,0,50306.0,Seba
482,482.0,482.0,482.0,,,,,,,,,,,,,Mi perra le tiene miedo a los truenos la amo,0,59374.0,Seba
483,483.0,483.0,,,,,,,,,,,,,,"Objetivo: Dormir tranqui y aprovechar que llueve y est√° especial.

Dificultad: La ida de la final y pensar en si se juega hoy o el S√°bado.",0,2918.0,Melissa
484,484.0,484.0,,,,,,,,,,,,,,"A que clase de persona le relaja este tipo de tormentas que parece que te van a volar la casa, o escuchas las piedras en el techo. A mi me ponen nervioso!!, leo en Twitter Que ponen esas cosas y no los entiendo.",0,27293.0,Melissa
485,485.0,485.0,,,,,,,,,,,,,,Me encanta el olorcito a lluvia üòçüòÉ,0,17270.0,Melissa
486,486.0,486.0,,,,,,,,,,,,,,Yo creo que los truenos estan de mas no se,0,61214.0,Melissa
487,487.0,487.0,,,,,,,,,,,,,,Los dias de lluvia son unüíØ,0,16553.0,Melissa
488,488.0,488.0,,,,,,,,,,,,,,Necesito un novio para los d√≠as de lluvias,0,87349.0,Melissa
489,489.0,,,,,,,,,,,,,,,Truenos chotooss,1,87039.0,fede
490,490.0,,,,,,,,,,,,,,,Me pueden explicar xq PINCHILA hace 30 grados y hay sol TODA LA SEMANA Y JUSTO EL FINDE LLUEVE clima del ogt,0,10480.0,fede
491,491.0,,,,,,,,,,,,,,,@HMatorras @ElisaCarrioArg Total..ellos tienen custodia!!al pueblo que lo parta un rayo o que nos acribillen x un celular!!No les importamos!!!,0,88290.0,fede
492,492.0,,,,,,,,,,,,,,,"Hoy fue mi primer dia en serio de vacaciones, y todo se lo debo a la lluvia jaja",1,83202.0,fede
493,493.0,,,,,,,,,,,,,,,Que torment√≥n culiau me dan alto cagazo esos truenos,1,56624.0,fede
494,494.0,,,,,,,,,,,,,,,Que hermosa sos lluvia üíï,1,91944.0,fede
495,495.0,,,,,,,,,,,,,,,"Justo esta semana necesito sol, as√≠ que bye lluvia",0,20419.0,fede
496,496.0,,,,,,,,,,,,,,,Como olvidar la noche en la que Silvia cort√≥ la luz y nos corri√≥ en medio de toda la tormenta üòÇ igual nos fuimos y estuvimos de joda hasta las 9am. Toma pa vo,0,74879.0,fede
497,497.0,,,,,,,,,,,,,,,"El tiempo #en Santa Fe:
Barrio Constituyentes
T: 20.4¬∞C
H: 60%
ST: 20.4¬∞C
P: 1015.1hPa
Lluvia hoy: 0.0mm.",0,38514.0,fede
498,498.0,,,,,,,,,,,,,,,"14h ClimaRafaela: Temp. 21.3 ¬∞C, Hum. 80 %, Bar. 1006.1 mbar, Lluvia 0.7 mm, Viento 7.2 km/h SE #Weathercloud",0,82594.0,fede
499,499.0,,,,,,,,,,,,,,,Necesitaba correr bajo la lluvia que herrrmosura üåßÔ∏èüëå,0,25767.0,fede
500,500.0,,,,,,,,,,,,,,,3 horas caminando en el rayo del sol para no terminarme comprando nada,0,98436.0,fede
501,501.0,,,,,,,,,,,,,,,"23h ClimaRafaela: Temp. 16.2 ¬∞C, Hum. 83 %, Bar. 1003.3 mbar, Lluvia 6.1 mm, Viento 7.2 km/h S #Weathercloud",0,51188.0,fede
502,502.0,,,,,,,,,,,,,,,Cosine y se vino la tormenta üòÇüòÇüòÇ,0,108028.0,fede
503,503.0,,,,,,,,,,,,,,,Esta lluvia me hace tener mas sue√±o üí§ a dormirrrr,1,24475.0,fede
504,504.0,,,,,,,,,,,,,,,Fuaaaaa nose si llueve,0,55248.0,fede
505,505.0,,,,,,,,,,,,,,,Noche de lluvia pide a gritos marat√≥n de Grey's Anatomy,1,61057.0,fede
506,506.0,,,,,,,,,,,,,,,"Noooo, escuch√° esos truenos üòç",1,93830.0,fede
507,507.0,,,,,,,,,,,,,,,ay esta tormentaüíú,1,14262.0,fede
508,508.0,,,,,,,,,,,,,,,"El tiempo #en Santa Fe:
Barrio Constituyentes
T: 19.2¬∞C
H: 57%
ST: 19.1¬∞C
P: 1006.6hPa
Lluvia hoy: 0.0mm.",0,18461.0,fede
509,509.0,,,,,,,,,,,,,,,"El tiempo #en Santa Fe:
Barrio Constituyentes
T: 32.8¬∞C
H: 19%
ST: 32.8¬∞C
P: 1006.2hPa
Lluvia hoy: 0.0mm.",0,1806.0,fede
510,510.0,,,,,,,,,,,,,,,"Esta lluvia de mierda no quieren parar , son los sinas, son los sinas que no paran de llorar.",1,25315.0,fede
511,511.0,,,,,,,,,,,,,,,Qu√© se hace cuando hay tormenta?._.,0,57570.0,fede
512,512.0,,,,,,,,,,,,,,,Esta lluvia es hermosa para quedarse mirando la tele todo el dia,1,9208.0,fede
513,513.0,,,,,,,,,,,,,,,Hoy voy a tomar hasta rehenes y si llueve el agua de la lluvia tambi√©n,0,98264.0,fede
514,514.0,,,,,,,,,,,,,,,Mucho trueno mucho trueno y no va a caer ni una sola gota acordate de lo que te digo,0,16523.0,fede
515,515.0,,,,,,,,,,,,,,,Qu√© garr√≥n mudarse y qu√© garr√≥n mudarse con lluvia.,0,62368.0,fede
516,516.0,,,,,,,,,,,,,,,"#AireDeNoticias
Temp 19.4
Max 29
Algo Nublado
H√∫medo e inestable con probables precipitaciones y tormentas dispersas ,neblinas y bancos de niebla por la ma√±ana viento leve a moderado del sector norte cambiando al sur. Poco cambio de temperatura @radiomitrecba. https://t.co/8PB6YJe4BB",0,90074.0,fede
517,517.0,,,,,,,,,,,,,,,Buen dia!!! El mirando los pajaritos y la lluvia jaja #martes https://t.co/Aq3H1AXPzR,1,52499.0,fede
518,518.0,,,,,,,,,,,,,,,Por dios esos truenos ojala me pegue uno,1,93902.0,fede
519,519.0,,,,,,,,,,,,,,,"como no les puede gustar la lluvia, es lo mas hermoso y tranquilo",1,53729.0,fede
520,520.0,,,,,,,,,,,,,,,"El tiempo #en Santa Fe:
Barrio Constituyentes
T: 22.5¬∞C
H: 47%
ST: 22.5¬∞C
P: 1011.8hPa
Lluvia hoy: 0.0mm.",0,38491.0,fede
521,521.0,,,,,,,,,,,,,,,"quiero prestarte atenci√≥n , me importas mucho como para dejarte mucho tiempo , sali a pagar unas cosas y me volvi por la lluvia , me pongo a pensar en todo esto q nos pasa y no quiero q se pase mas el dia , q podamos sentir todo lo q tenemos en nuestro interior",0,49116.0,fede
522,522.0,,,,,,,,,,,,,,,Esta lluvia si que c mamo,1,6122.0,fede
523,523.0,,,,,,,,,,,,,,,Ahora la t√≠pica lluvia a las doce de la noche en pleno brindis. ¬°Felices fiestas para todossss!üéâ,0,98152.0,fede
524,524.0,,,,,,,,,,,,,,,"Llueve en todo el pa√≠s menos ac√°, lpm fall√≥ la maldici√≥n gitana",0,5521.0,fede
525,525.0,,,,,,,,,,,,,,,"#SantaFe 
@GuilleBeckmann explic√≥ que las quintas estaban sembradas a pleno, y las √∫ltimas lluvias (cayeron 160 mm) complicaron un poco a los quinteros que perdieron casi un 40% de la producci√≥n.
https://t.co/ZgCVXRYbZI https://t.co/foyrjsn6UI https://t.co/ZmSE4uKATz",0,60595.0,fede
526,526.0,,,,,,,,,,,,,,,"Qu√© lastima la gente que tiene que ir a trabajar si o si con esta tormenta , yo disc√∫lpenme no voy a cursar ni en pedo",1,30805.0,fede
527,527.0,,,,,,,,,,,,,,,"@BubbIa__ @patussok @LasHeteras @marupink Por ahora cielo despejado, ya se fue el vientito fresco.... si se junta humedad,,llueve otra vez...",0,89777.0,fede
528,528.0,,,,,,,,,,,,,,,Porque siempre llueve cuando tengo que quedarme toda la noche despierta estudiando?,1,56936.0,fede
529,529.0,,,,,,,,,,,,,,,Lluvia culiadasa no me puedo volver del laburo,1,106278.0,fede
530,530.0,,,,,,,,,,,,,,,Escucha como llueve y yo me tengo que ir al colegio üôÑ,1,22001.0,fede
531,531.0,,,,,,,,,,,,,,,@todonoticias Buenos https://t.co/UDVgMpeEJ6√≠ llueve en Del viso pero ahora calm√≥ un re viento se hab√≠a levantado x eso me despert√© https://t.co/ZWMwh4iKeA,0,9863.0,fede
532,532.0,,,,,,,,,,,,,,,Como me gustaria q con esta lluvia cresca y se mantenga el agua en rio de la sierra!!,1,51136.0,fede
533,533.0,,,,,,,,,,,,,,,@BoffeGP CALLATE BOFE HABLA DE LA LLUVIA,0,104699.0,fede
534,534.0,,,,,,,,,,,,,,,"#FederalA debido a la lluvia ca√≠da en la madrugada hubo cambio de planes en #RacingCba, el plantel de Mostaza Merlo se entrenar√° a las 17 horas en el predio. https://t.co/rfXcFd3lP0",0,862.0,fede
535,535.0,,,,,,,,,,,,,,,Que lindo escuchar la lluvia üòç,1,60996.0,fede
536,536.0,,,,,,,,,,,,,,,LLUVIA Y LA REPUTISIMA MADRE QUE TE RE MIL PARIO,1,93869.0,fede
537,537.0,,,,,,,,,,,,,,,"Que lindo fue levantarse, sentir el olor a humedo y el ruido de la lluviaüòç(escuela quien te Junaaa hoyüòÇ)",0,43009.0,fede
538,538.0,,,,,,,,,,,,,,,Lo √∫nico que quiero es ba√±arme con agua caliente despu√©s de estar 40 min esperando el bondi abajo de la lluvia laputamadreeeeee,0,13163.0,fede
539,539.0,,,,,,,,,,,,,,,#SantaFe| ‚òî Contin√∫an las lluvias durante todo el lunes https://t.co/IaYDhQYpzu https://t.co/sOst1XNvt4,0,19686.0,fede
540,540.0,,,,,,,,,,,,,,,"Primera vez que coincidimos con el pap√° de los chicos, con raz√≥n tanta lluvia !!!! Jajaj ü§ô",1,20139.0,fede
541,541.0,,,,,,,,,,,,,,,Aiiiii los truenos y la lluvia ü§§‚õà,1,56925.0,fede
542,542.0,,,,,,,,,,,,,,,"A mi sobrina Pap√° Noel le trajo un Rayo McQueen de Cars. Es √©l, usa bombacha, lo lleva al ba√±o y hace parado, le pone protector solar y come chocolates con ella",0,98107.0,fede
543,543.0,,,,,,,,,,,,,,,#granizo peque√±o barrio Villa Cabrera - Cba Capital,1,92989.0,fede
544,544.0,,,,,,,,,,,,,,,Que tormenta presiento,1,57156.0,fede
545,545.0,,,,,,,,,,,,,,,"La puta madre no fui a rendir, maldita lluvia traicionera",1,52228.0,fede
546,546.0,,,,,,,,,,,,,,,"12h ClimaRafaela: Temp. 30.5 ¬∞C, Hum. 54 %, Bar. 993 mbar, Lluvia 0 mm, Viento 6.1 km/h O #Weathercloud",0,38316.0,fede
547,547.0,,,,,,,,,,,,,,,"Gente, llueve desde que nacimos, ya cansa la fotito de la tormenta todas las semanas",0,45619.0,fede
548,548.0,,,,,,,,,,,,,,,"Me gusta el verano cuando llueve o est√° muy fresquito. O sea,no me gusta el verano.",0,67120.0,fede
549,549.0,,,,,,,,,,,,,,,@Peperinain Claro!!! Cuando vimos la tormenta el√©ctrica tuvimos que apagarlo üò¨üò¨üò¨ es un horno... Y la siesta!! Dios!!! Terrible!!,0,102726.0,fede
550,550.0,,,,,,,,,,,,,,,"Hola queres venir a mirar la serie y dormir con esta lluvia? 

Enviar",1,24743.0,fede
551,551.0,,,,,,,,,,,,,,,"El tiempo #en Santa Fe:
Barrio Constituyentes
T: 22.3¬∞C
H: 63%
ST: 22.3¬∞C
P: 1011.6hPa
Lluvia hoy: 0.0mm.",0,95846.0,fede
552,552.0,,,,,,,,,,,,,,,Que esta tormenta me saque todo lo malo. Que me alivie el coraz√≥n,1,100086.0,fede
553,553.0,,,,,,,,,,,,,,,"PRONOSTICO DOMINGO 09/12 CALIDO Y HUMEDO, NUBOSIDAD EN AUMENTO, BAJA PROBABILIDAD DE TORMENTAS AISLADAS EN LA TARDE, VIENTO LEVE DEL SECTOR NORTE ROTANDO AL SUR, LEVE ASCENSO DE TEMP. MAX 32¬∞ C.",0,65627.0,fede
554,554.0,,,,,,,,,,,,,,,"Por la lluvia, se derrumb√≥ el techo de una escuela en Ipv Arg√ºello. https://t.co/FOaThaCsR3 v√≠a @tele8noticias",0,7359.0,fede
555,555.0,,,,,,,,,,,,,,,"Toda m√≠ familia dici√©ndome que hay tipo un tornado en Huinca, y yo ac√° sentada en la mitad del patio comiendo alto asado con los del complejo. Salud ü•Ç",0,87189.0,fede
556,556.0,,,,,,,,,,,,,,,"Ya entendimos que nos va a partir un rayo, o si no nos parten ustedes BASTA",0,101554.0,fede
557,557.0,,,,,,,,,,,,,,,re esta para salir a correr con esta lluvia,1,93509.0,fede
558,558.0,,,,,,,,,,,,,,,"Que hermosos truenos escucho aunque los odio, pero que se largue yaaa",1,30939.0,fede
559,559.0,,,,,,,,,,,,,,,Uno queriendo ver la famosa lluvia de estrellas y el cielo est√° mas nublado que la abuela de Bruno,0,80582.0,fede
560,560.0,,,,,,,,,,,,,,,Emilia dice que decearia dormir abajo de la lluvia como la amo üòç,0,45709.0,fede
561,561.0,,,,,,,,,,,,,,,Mi pap√° rescato del medio de la lluvia y las piedras  a una perrita pre√±ada que estaba s√∫per asustada.PAPA SOS TODO LO BUENO DE ESTE MUNDO,0,36230.0,fede
562,562.0,,,,,,,,,,,,,,,Es incre√≠ble que con 20 a√±os no supere el miedo a los truenos,0,30887.0,fede
563,563.0,,,,,,,,,,,,,,,"Alarma de Lluvia - 20:10
https://t.co/K6Ux0kVl0n

Mm vs dsis https://t.co/kfnTXHdW0S",0,57378.0,fede
564,564.0,,,,,,,,,,,,,,,e loco que onda la tormenta en el barrio cayeron 3 gotas locas y por otros lados dicen que ca√≠a dilubios,0,93142.0,fede
565,565.0,,,,,,,,,,,,,,,"@Daymd2 Castillos, duendes, toman cerveza, llueve todo el a√±o. 
Para√≠so.",0,6911.0,fede
566,566.0,,,,,,,,,,,,,,,Jornada moment√°neamente suspendida por lluvia ‚òîÔ∏è‚òîÔ∏è‚òîÔ∏è https://t.co/s6Blbs9EeH,1,50675.0,fede
567,567.0,,,,,,,,,,,,,,,"@elsinfilo La lluvia es bendici√≥n dicen, mientras no sea bendici√≥n con patitas todo es bienvenido jajaajajaja.",0,81288.0,fede
568,568.0,,,,,,,,,,,,,,,@learobertazzo Que les caiga un rayo!!! üå©Ô∏èüå©Ô∏èüå©Ô∏è‚õàÔ∏è‚õàÔ∏è‚õàÔ∏è‚õàÔ∏èüå™Ô∏èüå™Ô∏èüå™Ô∏è‚ö°‚ö°‚ö°‚ö°,0,886.0,fede
569,569.0,,,,,,,,,,,,,,,Tormenta el√©ctrica en santa fe capital desde el octavo piso del hotel https://t.co/ZJG43j8fAn,1,71833.0,fede
570,570.0,,,,,,,,,,,,,,,Se viene una lluvia de mierda.,0,9017.0,fede
571,571.0,,,,,,,,,,,,,,,Calles anegadas y cortes de luz por la tormenta en Paran√° https://t.co/qHqmOJpf8E https://t.co/YLWLE1e276,0,21463.0,fede
572,572.0,,,,,,,,,,,,,,,Lpm...amo la lluvia pero porque un domingo a la noche?  Alta paja levantarse para ir a la escuela al otro diaüòñ,0,33997.0,fede
573,573.0,,,,,,,,,,,,,,,Ni llueve encima üòÇ,0,85381.0,fede
574,574.0,,,,,,,,,,,,,,,C√≥mo amo los d√≠as con lluvia,0,15812.0,fede
575,575.0,,,,,,,,,,,,,,,Hermosa lluvia para dormir abrazando la almohada,1,41802.0,fede
576,576.0,,,,,,,,,,,,,,,La lluvia no esta buena para las que est√°n Operadasüò£,0,43221.0,fede
577,577.0,,,,,,,,,,,,,,,Yo soy la empapada lluvia.,0,83498.0,fede
578,578.0,,,,,,,,,,,,,,,"Lluvia de mierda, me moje todo cuando estaba caminando y ahora est√° saliendo el sol",1,93686.0,fede
579,579.0,,,,,,,,,,,,,,,"#HolaPavonArriba #Pronostico

LUNES 12 DE NOVIEMBREüåß‚õà

Nuboso.lluvias y tormentas (algunas localmente pueden superar los 40 mm). Viento del este (10 a 45 km/h con r√°fagas) cambiando al norte hacia la noche. 
Temperatura m√≠nima: 19¬∞ m√°xima: 26¬∞ C
Humedad: de 90 % bajando a 60 % https://t.co/xP1bB93APG",0,22011.0,fede
580,580.0,,,,,,,,,,,,,,,Me voy a quemar un divertido pa esperar la lluvia entonces üôà,0,71728.0,fede
581,581.0,,,,,,,,,,,,,,,"hola, queres venir a dormir siesta conmigo con el ruido de la lluvia de fondo?

enviar",0,59373.0,fede
582,582.0,,,,,,,,,,,,,,,#Tormenta https://t.co/v7MTj0HYDj,0,103943.0,fede
583,583.0,,,,,,,,,,,,,,,Si hoy llueve me re voy a Lotus ya fueeee,0,7668.0,fede
584,,,,,,,,,,,,,,,,Que onda las minas que estan todo el tiempo tuiteando ‚Äúquiero un chongo para dormir con esta lluvia‚Äù ‚Äúquiero un chongo para tomar birras‚Äù ‚Äúquiero un novio para salir y hacer after juntos‚Äù CULIA SALI A BUSCARTE UNO QUE EN TWITTER NO LO VAS A CONSEGUIR Y DEJA DE ROMPER LOS HUEVOS,0,57486.0,Melissa
585,,,,,,,,,,,,,,,,No se habr√° olvidado alguien de subir foto del granizo? üò≤,0,46879.0,Melissa
586,,,,,,,,,,,,,,,,"M√°s ganas de lluvia y aire fresco por ac√°

Cielo cubierto y la posibilidad de que vuelva a llover, al menos por la ma√±ana. As√≠ amanece  pero la nota la da el term√≥metro, mucho m√°s abajo que durante los... https://t.co/iOO3LkwlRj",0,48249.0,Melissa
587,,,,,,,,,,,,,,,,Con lluvia igual se Sade https://t.co/NanY4SNrwM,0,58515.0,Melissa
588,,,,,,,,,,,,,,,,"Creo que hoy m√°s de uno jug√≥ bajo la lluvia. 
üôã Me incluyo jajaj",0,104635.0,Melissa
589,,,,,,,,,,,,,,,,Me meti a la pileta y estoy tomando sol. Ma√±ana llueve,0,11626.0,Melissa
590,,,,,,,,,,,,,,,,de regalo de cumple le pedi al barba una tormenta el√©ctrica,0,103593.0,Melissa
591,,,,,,,,,,,,,,,,Que hermosura el sonido de la lluvia para dormir üòçüíõüíõüíõ,0,49714.0,Melissa
592,,,,,,,,,,,,,,,,Se viene la tormenta pero salgo igual...,0,104165.0,Melissa
593,,,,,,,,,,,,,,,,A la verga que se viene tremenda tormenta,0,78952.0,Melissa
